SALE TYPE,SOLD DATE,PROPERTY TYPE,ADDRESS,CITY,STATE,ZIP,PRICE,BEDS,BATHS,LOCATION,SQUARE FEET,LOT SIZE,YEAR BUILT,DAYS ON MARKET,$/SQUARE FEET,HOA/MONTH,STATUS,NEXT OPEN HOUSE START TIME,NEXT OPEN HOUSE END TIME,URL (SEE http://www.redfin.com/buy-a-home/comparative-market-analysis FOR INFO ON PRICING),SOURCE,MLS#,FAVORITE,INTERESTED,LATITUDE,LONGITUDE
MLS Listing,,Single Family Residential,524 Putah Creek Rd,Napa,CA,94558,439950,4,3,Berryessa,2736,16265,1979,1,161,,Active,,,http://www.redfin.com/CA/Napa/524-Putah-Creek-Rd-94558/home/12198019,BAREIS,21804924,N,Y,38.606359,-122.278686
MLS Listing,,Single Family Residential,2176 Patton Ave,Napa,CA,94559,575000,3,3,Napa,1575,7240,1993,1,365,,Active,March-24-2018 01:00 PM,March-24-2018 03:00 PM,http://www.redfin.com/CA/Napa/2176-Patton-Ave-94559/home/12213263,BAREIS,21806482,N,Y,38.2808816,-122.2564601
MLS Listing,,Single Family Residential,1159 Green Valley Rd,Napa,CA,94558,4250000,4,3,Napa,3055,834610,1979,1,1391,,Active,,,http://www.redfin.com/CA/Napa/1159-Green-Valley-Rd-94558/home/28512199,BAREIS,21806453,N,Y,38.290462,-122.2273122
MLS Listing,,Single Family Residential,78 S Newport Dr,Napa,CA,94559,1185000,3,2.5,Napa,2129,5001,1995,1,557,201,Active,March-25-2018 02:00 PM,March-25-2018 04:00 PM,http://www.redfin.com/CA/Napa/78-S-Newport-Dr-94559/home/12210068,BAREIS,21806504,N,Y,38.2751457,-122.2895345
MLS Listing,,Single Family Residential,107 Sage Way,Napa,CA,94559,869000,4,3,Napa,2777,5310,2001,1,313,,Active,March-25-2018 12:00 PM,March-25-2018 02:00 PM,http://www.redfin.com/CA/Napa/107-Sage-Way-94559/home/12220769,BAREIS,21806443,N,Y,38.2930843,-122.2721457
MLS Listing,,Single Family Residential,1301 Bella Oaks Ln,Rutherford,CA,94558,7900000,4,5,Rutherford,4329,27630,1927,2,1825,,Active,,,http://www.redfin.com/CA/Napa/1301-Bella-Oaks-Ln-94558/home/12200263,BAREIS,21802533,N,Y,38.4475229,-122.4178356
MLS Listing,,Single Family Residential,1945 Capell Valley Rd,Napa,CA,94558,997000,3,2,Berryessa,1500,10454400,,2,665,,Active,,,http://www.redfin.com/CA/Napa/1945-Capell-Valley-Rd-94558/home/145166352,BAREIS,21806174,N,Y,38.4697513,-122.2262148
MLS Listing,,Single Family Residential,4444 Moffitt Dr,Napa,CA,94558,649000,4,2,Napa,1324,6447,1970,2,490,,Active,March-24-2018 12:00 PM,March-24-2018 02:00 PM,http://www.redfin.com/CA/Napa/4444-Moffitt-Dr-94558/home/12202117,BAREIS,21806396,N,Y,38.3439568,-122.3201851
MLS Listing,,Single Family Residential,1123 La Londe Ln,Napa,CA,94558,925000,3,2,Napa,1545,42545,1941,4,599,,Active,,,http://www.redfin.com/CA/Napa/1123-La-Londe-Ln-94558/home/12216050,BAREIS,21806215,N,Y,38.32002,-122.249012
MLS Listing,,Single Family Residential,4025 Fairfax Dr,Napa,CA,94558,735000,4,2.5,Napa,2169,6578,1975,5,339,,Active,,,http://www.redfin.com/CA/Napa/4025-Fairfax-Dr-94558/home/12192490,BAREIS,21806071,N,Y,38.3290139,-122.3226872
MLS Listing,,Single Family Residential,1022 Partrick Rd,Napa,CA,94558,1300000,4,3,Napa,2627,18064,1978,5,495,,Active,,,http://www.redfin.com/CA/Napa/1022-Partrick-Rd-94558/home/12206629,BAREIS,21805904,N,Y,38.3077234,-122.3430343
MLS Listing,,Single Family Residential,,Napa,CA,94559,899000,4,2,,,32396,,5,,,Active,,,http://www.redfin.com/CA/Napa/Undisclosed-address-94559/home/12189709,BAREIS,21805518,N,Y,38.2872431,-122.298859
MLS Listing,,Single Family Residential,2029 Lone Oak Ave,Napa,CA,94558,887500,3,2,Napa,2330,11430,1947,6,381,,Active,,,http://www.redfin.com/CA/Napa/2029-Lone-Oak-Ave-94558/home/12208760,BAREIS,21806145,N,Y,38.3080584,-122.3070533
MLS Listing,,Single Family Residential,2902 Sunrise Dr,Napa,CA,94558,529000,2,1,Napa,891,5920,1951,6,594,,Active,,,http://www.redfin.com/CA/Napa/2902-Sunrise-Dr-94558/home/12189066,BAREIS,21805992,N,Y,38.2896935,-122.3103752
MLS Listing,,Single Family Residential,,Napa,CA,94558,685000,5,3,,3144,10955,1995,6,218,29,Active,,,http://www.redfin.com/CA/Napa/Undisclosed-address-94558/home/12200889,BAREIS,21803277,N,Y,38.407251,-122.208637
MLS Listing,,Single Family Residential,5271 Dry Creek Rd,Napa,CA,94558,765000,2,1,Napa,1104,820235,1966,7,693,,Active,,,http://www.redfin.com/CA/Napa/5271-Dry-Creek-Rd-94558/home/12201403,BAREIS,21805687,N,Y,38.382433,-122.402908
MLS Listing,,Single Family Residential,4197 Burgundy Way,Napa,CA,94558,579000,3,2,Napa,1166,6686,1973,7,497,,Active,,,http://www.redfin.com/CA/Napa/4197-Burgundy-Way-94558/home/12191926,BAREIS,21805851,N,Y,38.3267736,-122.3354849
MLS Listing,,Single Family Residential,242 Buttercup Ct,Napa,CA,94559,970000,4,3.5,Napa,2730,8211,2007,7,355,80,Active,,,http://www.redfin.com/CA/Napa/242-Buttercup-Ct-94559/home/12225002,BAREIS,21805898,N,Y,38.2911305,-122.2663414
MLS Listing,,Single Family Residential,1692 Milton Rd,Napa,CA,94559,699950,4,2,Napa,1683,6991,1961,8,416,,Active,March-25-2018 01:00 PM,March-25-2018 03:00 PM,http://www.redfin.com/CA/Napa/1692-Milton-Rd-94559/home/12214336,BAREIS,21803126,N,Y,38.203102,-122.312253
MLS Listing,,Single Family Residential,233 S Coombs St,Napa,CA,94559,530000,3,1,Napa,1054,6260,1952,8,503,,Active,,,http://www.redfin.com/CA/Napa/233-S-Coombs-St-94559/home/12190907,BAREIS,21804746,N,Y,38.2832181,-122.2888479
MLS Listing,,Single Family Residential,17 Sea Breeze Ct,Napa,CA,94559,1149000,4,2.5,Napa,2129,5436,1995,8,540,201,Active,March-25-2018 02:00 PM,March-25-2018 04:00 PM,http://www.redfin.com/CA/Napa/17-Sea-Breeze-Ct-94559/home/12210069,BAREIS,21805630,N,Y,38.2756837,-122.2882474
MLS Listing,,Single Family Residential,1170 4th Ave,Napa,CA,94559,2950000,4,2,Napa,1756,274864,1952,8,1680,,Active,,,http://www.redfin.com/CA/Napa/1170-4th-Ave-94559/home/145121492,BAREIS,21805508,N,Y,38.285955,-122.242571
MLS Listing,,Single Family Residential,521 Putah Creek Rd,Napa,CA,94558,460000,2,2,Berryessa,1973,43996,1962,8,233,,Active,,,http://www.redfin.com/CA/Napa/521-Putah-Creek-Rd-94558/home/12198002,BAREIS,21805197,N,Y,38.605553,-122.278248
MLS Listing,,Single Family Residential,2459 Wine Country Ave,Napa,CA,94558,759000,3,2.5,Napa,1871,5829,1992,9,406,,Active,,,http://www.redfin.com/CA/Napa/2459-Wine-Country-Ave-94558/home/12193546,BAREIS,21805046,N,Y,38.3302035,-122.3340679
MLS Listing,,Single Family Residential,1032 Petra Dr,Napa,CA,94558,1050000,3,2,Napa,1594,21976,1960,9,659,,Active,March-25-2018 01:00 PM,March-25-2018 04:00 PM,http://www.redfin.com/CA/Napa/1032-Petra-Dr-94558/home/12205386,BAREIS,21805745,N,Y,38.3570142,-122.2893355
MLS Listing,,Single Family Residential,143 Wingard Cir,Napa,CA,94558,649000,2,2.5,Napa,1405,3463,1999,10,462,,Active,,,http://www.redfin.com/CA/Napa/143-Wingard-Cir-94558/home/12193461,BAREIS,21805617,N,Y,38.3337832,-122.3234622
MLS Listing,,Single Family Residential,1079 Hedgeside Ave,Napa,CA,94558,7000000,6,4.5,Napa,,708286,2005,12,,,Active,,,http://www.redfin.com/CA/Napa/1079-Hedgeside-Ave-94558/home/113603030,BAREIS,21805553,N,Y,38.336094,-122.269505
MLS Listing,,Single Family Residential,345 Ashlar Dr,Napa,CA,94558,599000,1,1,Napa,640,33920,1930,12,936,,Active,March-24-2018 01:00 PM,March-24-2018 04:00 PM,http://www.redfin.com/CA/Napa/345-Ashlar-Dr-94558/home/12215982,BAREIS,21805476,N,Y,38.3141747,-122.2680251
MLS Listing,,Single Family Residential,157 Luke Dr,Napa,CA,94558,3000000,4,4.5,Napa,4946,47480,2018,12,607,99,Active,,,http://www.redfin.com/CA/Napa/157-Luke-Dr-94558/home/143292489,BAREIS,21805431,N,Y,38.3424411,-122.3316591
MLS Listing,,Single Family Residential,174 Chelsea Ave,Napa,CA,94558,399000,3,1,Napa,855,6460,1941,13,467,,Active,,,http://www.redfin.com/CA/Napa/174-Chelsea-Ave-94558/home/12188072,BAREIS,21805375,N,Y,38.2987441,-122.3119696
MLS Listing,,Single Family Residential,17 Chaudhary Ct,Napa,CA,94558,1250000,4,2.5,Napa,3000,7192,2000,13,417,,Active,,,http://www.redfin.com/CA/Napa/17-Chaudhary-Ct-94558/home/12221158,BAREIS,21805406,N,Y,38.3260447,-122.3247686
MLS Listing,,Single Family Residential,2034 Lone Oak Ave,Napa,CA,94558,775000,3,2,Napa,1320,20025,1967,13,587,,Active,,,http://www.redfin.com/CA/Napa/2034-Lone-Oak-Ave-94558/home/12208734,BAREIS,21805364,N,Y,38.3084435,-122.3073634
MLS Listing,,Single Family Residential,519 Seymour St,Napa,CA,94559,899000,4,3,Napa,1935,6839,1928,14,465,,Active,March-25-2018 01:00 PM,March-25-2018 03:00 PM,http://www.redfin.com/CA/Napa/519-Seymour-St-94559/home/12188486,BAREIS,21805021,N,Y,38.2933302,-122.298549
MLS Listing,,Single Family Residential,1671 G St,Napa,CA,94559,443000,1,1,Napa,660,6704,1925,14,671,,Active,,,http://www.redfin.com/CA/Napa/1671-G-St-94559/home/12186596,BAREIS,21805099,N,Y,38.3053804,-122.2991691
MLS Listing,,Single Family Residential,1157 Petra Dr,Napa,CA,94558,1080000,3,2,Napa,2173,13565,1957,14,497,,Active,,,http://www.redfin.com/CA/Napa/1157-Petra-Dr-94558/home/12205374,BAREIS,21805101,N,Y,38.354143,-122.2923031
MLS Listing,,Single Family Residential,3685 Harkness St,Napa,CA,94558,495000,2,1,Napa,824,5998,1960,15,601,,Active,,,http://www.redfin.com/CA/Napa/3685-Harkness-St-94558/home/12186146,BAREIS,21805113,N,Y,38.3266356,-122.3131212
MLS Listing,,Single Family Residential,2670 Atlas Peak Rd,Napa,CA,94558,2899888,3,3.5,Napa,2718,439956,1982,15,1067,,Active,,,http://www.redfin.com/CA/Napa/2670-Atlas-Peak-Rd-94558/home/12205731,BAREIS,21805041,N,Y,38.372803,-122.244731
MLS Listing,,Single Family Residential,8 Chelsea Ave,Napa,CA,94558,449900,2,1,Napa,747,6421,1995,15,602,,Active,,,http://www.redfin.com/CA/Napa/8-Chelsea-Ave-94558/home/12188209,BAREIS,21805157,N,Y,38.2955911,-122.310198
MLS Listing,,Single Family Residential,1037 Terrace Dr,Napa,CA,94559,849000,2,1.5,Napa,1134,20112,1936,15,749,,Active,,,http://www.redfin.com/CA/Napa/1037-Terrace-Dr-94559/home/12212263,BAREIS,21804936,N,Y,38.2955198,-122.2697863
MLS Listing,,Single Family Residential,239 Buttercup Ct,Napa,CA,94559,1049000,4,4,Napa,3249,7157,2007,15,323,80,Active,,,http://www.redfin.com/CA/Napa/239-Buttercup-Ct-94559/home/12224998,BAREIS,21804536,N,Y,38.2907023,-122.2666515
MLS Listing,,Single Family Residential,1433 Center St,Napa,CA,94559,786000,3,1,Napa,1000,4709,1898,15,786,,Active,,,http://www.redfin.com/CA/Napa/1433-Center-St-94559/home/12187650,BAREIS,21804885,N,Y,38.3003679,-122.2912923
MLS Listing,,Single Family Residential,1917 Waverly St,Napa,CA,94558,674500,3,2,Napa,1779,7841,1960,16,379,,Active,,,http://www.redfin.com/CA/Napa/1917-Waverly-St-94558/home/12208660,BAREIS,21804975,N,Y,38.3094635,-122.3066326
MLS Listing,,Single Family Residential,,Napa,CA,94558,849500,5,3,,2865,8538,1997,18,297,,Active,March-25-2018 12:00 PM,March-25-2018 02:30 PM,http://www.redfin.com/CA/Napa/Undisclosed-address-94558/home/12203674,BAREIS,21804921,N,Y,38.3403728,-122.3135198
MLS Listing,,Single Family Residential,527 Donwood Ln,Napa,CA,94558,749000,4,2,Napa,1785,9448,1970,18,420,,Active,March-25-2018 01:00 PM,March-25-2018 03:00 PM,http://www.redfin.com/CA/Napa/527-Donwood-Ln-94558/home/12208892,BAREIS,21804912,N,Y,38.3048474,-122.3064338
MLS Listing,,Single Family Residential,2180 Parrish Rd,Napa,CA,94559,469900,2,1,Napa,1129,2914,1952,19,416,,Active,,,http://www.redfin.com/CA/Napa/2180-Parrish-Rd-94559/home/12212996,BAREIS,21804906,N,Y,38.2812322,-122.2653223
MLS Listing,,Single Family Residential,2 Remington Ct,Napa,CA,94558,2365000,4,3.5,Napa,4773,15638,2002,19,495,,Active,,,http://www.redfin.com/CA/Napa/2-Remington-Ct-94558/home/12205911,BAREIS,21804778,N,Y,38.3138801,-122.340267
MLS Listing,,Single Family Residential,1133 Rutherford Rd,Napa,CA,94558,1598000,4,2,Napa,1654,11848,1956,19,966,,Active,,,http://www.redfin.com/CA/Napa/1133-Rutherford-Rd-94558/home/12200421,BAREIS,21804538,N,Y,38.4599206,-122.4202833
MLS Listing,,Single Family Residential,7900 Money Rd,Napa,CA,94558,26500000,7,7.5,Napa,10215,828511,1994,20,2594,,Active,,,http://www.redfin.com/CA/Napa/7900-Money-Rd-94558/home/39947929,BAREIS,21804555,N,Y,38.452194,-122.392854
MLS Listing,,Single Family Residential,3227 Vichy Ave,Napa,CA,94558,5500000,3,3.5,Napa,4405,61080,2015,20,1249,,Active,,,http://www.redfin.com/CA/Napa/3227-Vichy-Ave-94558/home/12214567,BAREIS,21804484,N,Y,38.332713,-122.256117
MLS Listing,,Single Family Residential,47 Glenwood Dr,Napa,CA,94559,512000,3,1,Napa,1053,5680,1952,21,486,,Active,,,http://www.redfin.com/CA/Napa/47-Glenwood-Dr-94559/home/12186714,BAREIS,21804316,N,Y,38.3018051,-122.2996121
MLS Listing,,Single Family Residential,172 Berryessa Dr,Napa,CA,94558,449900,3,2,Berryessa,1654,12894,1981,21,272,,Active,,,http://www.redfin.com/CA/Napa/172-Berryessa-Dr-94558/home/12197980,BAREIS,21804473,N,Y,38.608064,-122.278581
MLS Listing,,Single Family Residential,11 Rosemont Cir,Napa,CA,94558,1100000,2,2,Napa,1722,26528,1975,21,639,,Active,,,http://www.redfin.com/CA/Napa/11-Rosemont-Cir-94558/home/12214594,BAREIS,21804566,N,Y,38.3255439,-122.2725444
MLS Listing,,Single Family Residential,3253 Von Uhlit Ranch Rd,Napa,CA,94558,679500,3,2.5,Napa,1853,3524,2004,21,367,140,Active,,,http://www.redfin.com/CA/Napa/3253-Von-Uhlit-Ranch-Rd-94558/home/12222307,BAREIS,21804571,N,Y,38.3229795,-122.2897057
MLS Listing,,Single Family Residential,1153 Pinewood Dr,Napa,CA,94558,1295000,4,3,Napa,3675,23840,1998,22,352,,Active,,,http://www.redfin.com/CA/Napa/1153-Pinewood-Dr-94558/home/12207051,BAREIS,21804542,N,Y,38.3108769,-122.3272706
MLS Listing,,Single Family Residential,24 Firefly Ln,Napa,CA,94558,719500,3,2.5,Napa,1713,,,22,420,,Active,,,http://www.redfin.com/CA/Napa/24-Firefly-Ln-94558/home/12205227,BAREIS,21804348,N,Y,38.3270517,-122.2966335
MLS Listing,,Single Family Residential,1559 Estee Ave,Napa,CA,94558,2995000,4,3.5,Napa,3254,65340,1990,23,920,,Active,,,http://www.redfin.com/CA/Napa/1559-Estee-Ave-94558/home/12205530,BAREIS,21803654,N,Y,38.343323,-122.272838
MLS Listing,,Single Family Residential,49 Berna Ave,Napa,CA,94559,1195000,4,3,Napa,2458,8703,1916,26,486,,Active,,,http://www.redfin.com/CA/Napa/49-Berna-Ave-94559/home/12211832,BAREIS,21804136,N,Y,38.3048378,-122.2745825
MLS Listing,,Single Family Residential,52 Culbertson Ct,Napa,CA,94558,865000,3,2,Napa,1742,6630,1999,26,497,,Active,,,http://www.redfin.com/CA/Napa/52-Culbertson-Ct-94558/home/12220354,BAREIS,21804157,N,Y,38.3312158,-122.29691
MLS Listing,,Single Family Residential,35 Wild Rye Way,Napa,CA,94558,799500,3,2,Napa,1742,4678,1999,26,459,,Active,,,http://www.redfin.com/CA/Napa/35-Wild-Rye-Way-94558/home/12205275,BAREIS,21802995,N,Y,38.3272525,-122.2992799
MLS Listing,,Single Family Residential,365 Montecito Blvd,Napa,CA,94559,1295000,6,4,Napa,4032,27251,1961,28,321,,Active,,,http://www.redfin.com/CA/Napa/365-Montecito-Blvd-94559/home/12191365,BAREIS,21803764,N,Y,38.301023,-122.267056
MLS Listing,,Single Family Residential,1114 Mount George Ave,Napa,CA,94558,1588000,4,3,Napa,3409,144619,1982,29,466,,Active,,,http://www.redfin.com/CA/Napa/1114-Mount-George-Ave-94558/home/12201064,BAREIS,21803591,N,Y,38.334002,-122.234384
MLS Listing,,Single Family Residential,,Napa,CA,94558,725000,3,2,,1723,7260,1975,33,421,,Active,March-25-2018 01:30 PM,March-25-2018 03:30 PM,http://www.redfin.com/CA/Napa/Undisclosed-address-94558/home/12192505,BAREIS,21803525,N,Y,38.3297142,-122.3227536
MLS Listing,,Single Family Residential,95 BRYAN Ave,Napa,CA,94558,509950,3,2,Napa,1345,5907,1941,34,379,,Active,,,http://www.redfin.com/CA/Napa/95-Bryan-Ave-94558/home/12188189,BAREIS,21803206,N,Y,38.2974596,-122.3112167
MLS Listing,,Single Family Residential,1145 Olive Hill Ln,Napa,CA,94558,3500000,4,2.5,Napa,2775,57064,1974,35,1261,,Active,,,http://www.redfin.com/CA/Napa/1145-Olive-Hill-Ln-94558/home/12214901,BAREIS,21803031,N,Y,38.327877,-122.241413
MLS Listing,,Single Family Residential,2373 N 3rd Ave,Napa,CA,94558,7850000,5,5,Napa,4005,871200,1992,36,1960,,Active,,,http://www.redfin.com/CA/Napa/2373-3rd-Ave-94558/home/17246903,BAREIS,21803058,N,Y,38.3144599,-122.231423
MLS Listing,,Single Family Residential,1539 JUANITA St,Napa,CA,94559,1029000,3,2.5,Napa,2332,14375,2018,36,441,,Active,,,http://www.redfin.com/CA/Napa/1539-Juanita-St-94559/home/109571840,BAREIS,21803190,N,Y,38.2862919,-122.2570889
MLS Listing,,Single Family Residential,1085 Headlands Dr,Napa,CA,94558,612000,4,2.5,Berryessa,3031,10163,1994,37,202,,Active,,,http://www.redfin.com/CA/Napa/1085-Headlands-Dr-94558/home/12198345,BAREIS,21802896,N,Y,38.514515,-122.183313
MLS Listing,,Single Family Residential,3175 Tiffany Ln,Napa,CA,94558,899000,3,3,Napa,2009,17616,1988,40,447,350,Active,March-25-2018 01:00 PM,March-25-2018 03:00 PM,http://www.redfin.com/CA/NAPA/3175-TIFFANY-LN-94558/home/12215800,BAREIS,21802717,N,Y,38.299152,-122.316114
MLS Listing,,Single Family Residential,2000 Silverado Trl,Napa,CA,94558,1100000,3,2,Napa,2646,22799,1956,43,416,,Active,,,http://www.redfin.com/CA/Napa/2000-Silverado-Trl-94558/home/12214608,BAREIS,21802473,N,Y,38.3245107,-122.2733198
MLS Listing,,Single Family Residential,54 Glenwood Dr,Napa,CA,94559,530000,3,2,Napa County,1351,6257,1951,47,,,Active,,,http://www.redfin.com/CA/Napa/54-Glenwood-Dr-94559/home/12186761,MetroList,18006475,N,Y,38.3022741,-122.2987483
MLS Listing,,Single Family Residential,1601 Trower Ave,Napa,CA,94558,535000,3,2,Napa,1122,6438,1964,47,477,,Active,,,http://www.redfin.com/CA/Napa/1601-Trower-Ave-94558/home/12203912,BAREIS,21802254,N,Y,38.3322896,-122.3098216
MLS Listing,,Single Family Residential,3151 Sunnydale Dr,Napa,CA,94558,1599000,5,3,Napa,3000,35005,1950,48,533,,Active,,,http://www.redfin.com/CA/Napa/3151-Sunnydale-Dr-94558/home/12203078,BAREIS,21802050,N,Y,38.3473636,-122.3058132
MLS Listing,,Single Family Residential,1249 Monticello Rd,Napa,CA,94558,699000,3,2,Napa,1214,9457,1944,49,576,,Active,,,http://www.redfin.com/CA/Napa/1249-Monticello-Rd-94558/home/12214588,BAREIS,21802152,N,Y,38.334013,-122.264524
MLS Listing,,Single Family Residential,1421 Menlo Ave,Napa,CA,94558,449500,1,1,Napa,624,7501,1900,49,720,,Active,,,http://www.redfin.com/CA/Napa/1421-Menlo-Ave-94558/home/12184931,BAREIS,21801984,N,Y,38.3131746,-122.2994349
MLS Listing,,Single Family Residential,4472 Meadowlark Dr,Napa,CA,94558,635000,4,2,Napa,1560,6199,1973,50,407,,Active,,,http://www.redfin.com/CA/Napa/4472-Meadowlark-Dr-94558/home/12202486,BAREIS,21802014,N,Y,38.3473013,-122.3170628
MLS Listing,,Single Family Residential,33 Autumn Creek Ct,Napa,CA,94559,895000,3,2,Napa,1634,10724,1999,55,548,,Active,,,http://www.redfin.com/CA/Napa/33-Autumn-Creek-Ct-94559/home/12212484,BAREIS,21801649,N,Y,38.2897684,-122.2643918
MLS Listing,,Single Family Residential,3454 Meadowbrook Dr,Napa,CA,94558,669900,4,2,Napa,1657,6669,1965,56,404,,Active,,,http://www.redfin.com/CA/Napa/3454-Meadowbrook-Dr-94558/home/12215171,BAREIS,21801505,N,Y,38.3035763,-122.3403556
MLS Listing,,Single Family Residential,1759 Olympia Ct,Napa,CA,94558,785000,4,3,Napa,2198,7671,1965,57,357,,Active,,,http://www.redfin.com/CA/Napa/1759-Olympia-Ct-94558/home/12203941,BAREIS,21801544,N,Y,38.3312076,-122.311416
MLS Listing,,Single Family Residential,171 Homewood Ave,Napa,CA,94558,499000,3,1,Napa,855,5044,1941,63,584,,Active,,,http://www.redfin.com/CA/Napa/171-Homewood-Ave-94558/home/12188108,BAREIS,21801041,N,Y,38.2961672,-122.3128333
MLS Listing,,Single Family Residential,1166 2nd Ave,Napa,CA,94558,1950000,2,2.5,Napa,1876,85813,1980,64,1039,,Active,,,http://www.redfin.com/CA/Napa/1166-2nd-Ave-94558/home/12216440,BAREIS,21800112,N,Y,38.302273,-122.24205
MLS Listing,,Single Family Residential,2 Old Coach Rd,Napa,CA,94558,2995000,4,4,Napa,3500,45302,2017,65,856,133,Active,,,http://www.redfin.com/CA/Napa/2-Old-Coach-Rd-94558/home/17546488,BAREIS,21728366,N,Y,38.321971,-122.265334
MLS Listing,,Single Family Residential,74 Harrison Ave,Napa,CA,94558,459900,3,1,Napa,855,5663,1941,66,538,,Active,,,http://www.redfin.com/CA/Napa/74-Harrison-Ave-94558/home/12188451,BAREIS,21800864,N,Y,38.2954547,-122.3058021
MLS Listing,,Single Family Residential,,Napa,CA,94559,625000,4,2.5,,1851,7205,1900,70,338,,Active,,,http://www.redfin.com/CA/Napa/Undisclosed-address-94559/home/12188558,BAREIS,21800512,N,Y,38.2944177,-122.2954926
MLS Listing,,Single Family Residential,,Napa,CA,94558,489000,3,2.5,,1200,,,77,408,,Active,,,http://www.redfin.com/CA/Napa/Undisclosed-address-94558/home/144628782,BAREIS,21800134,N,Y,38.3201889,-122.3116989
MLS Listing,,Single Family Residential,1091 Simpkins Rd,Napa,CA,94558,5495000,4,5.5,Napa,5000,246985,1970,84,1099,,Active,,,http://www.redfin.com/CA/Napa/1091-Simpkins-Rd-94558/home/12216169,BAREIS,21728623,N,Y,38.299703,-122.24754
MLS Listing,,Single Family Residential,84 Chelsea Ave,Napa,CA,94558,485000,3,2,Napa,1185,5670,1941,85,409,,Active,,,http://www.redfin.com/CA/Napa/84-Chelsea-Ave-94558/home/12188221,BAREIS,21728309,N,Y,38.2972046,-122.3110838
MLS Listing,,Single Family Residential,71 Dewitt Ave,Napa,CA,94558,469000,2,1,Napa,936,4905,1941,92,501,,Active,,,http://www.redfin.com/CA/Napa/71-Dewitt-Ave-94558/home/12188135,BAREIS,21728349,N,Y,38.2966794,-122.3121911
MLS Listing,,Single Family Residential,14 Sea Breeze Ct,Napa,CA,94559,799000,4,2.5,Napa,2077,5101,1995,93,385,240,Active,,,http://www.redfin.com/CA/Napa/14-Sea-Breeze-Ct-94559/home/12210075,BAREIS,21727049,N,Y,38.2755441,-122.2876961
MLS Listing,,Single Family Residential,1130 Rimrock Dr,Napa,CA,94558,450000,3,2.5,Berryessa,2205,12005,1992,97,204,,Active,,,http://www.redfin.com/CA/Napa/1130-Rimrock-Dr-94558/home/12198170,BAREIS,21728065,N,Y,38.507954,-122.1892163
MLS Listing,,Single Family Residential,1205 Hillview Ln,Napa,CA,94558,4500000,7,8,Napa,5448,43560,1901,105,826,,Active,,,http://www.redfin.com/CA/Napa/1205-Hillview-Ln-94558/home/50249232,BAREIS,21727700,N,Y,38.368756,-122.3408426
MLS Listing,,Single Family Residential,543 Franklin St,Napa,CA,94559,895000,3,2.5,Napa,1738,8878,1909,105,515,,Active,,,http://www.redfin.com/CA/Napa/543-Franklin-St-94559/home/12187764,BAREIS,21727704,N,Y,38.2947604,-122.2875189
MLS Listing,,Single Family Residential,1640 Pear Tree Ln,Napa,CA,94558,730000,4,2.5,Napa,2357,3075,2004,106,310,140,Active,,,http://www.redfin.com/CA/Napa/1640-Pear-Tree-Ln-94558/home/12222334,BAREIS,21727532,N,Y,38.3217761,-122.2877991
MLS Listing,,Single Family Residential,330 Franklin St,Napa,CA,94559,2398000,3,2.5,Napa,2659,8067,1910,112,902,,Active,,,http://www.redfin.com/CA/Napa/330-Franklin-St-94559/home/12190488,BAREIS,21725734,N,Y,38.2915032,-122.2880062
MLS Listing,,Single Family Residential,1021 Arroyo Linda Ct,Napa,CA,94558,375000,3,2.5,Berryessa,1192,10781,1985,114,315,,Active,,,http://www.redfin.com/CA/Napa/1021-Arroyo-Linda-Ct-94558/home/12198248,BAREIS,21726984,N,Y,38.513765,-122.191154
MLS Listing,,Single Family Residential,2588 Redwood Rd,Napa,CA,94558,1250000,4,4,Napa,1967,31363,1910,119,635,,Active,,,http://www.redfin.com/CA/Napa/2588-Redwood-Rd-94558/home/144289869,BAREIS,21726841,N,Y,38.3185985,-122.3258249
MLS Listing,,Single Family Residential,1084 La Londe Ln,Napa,CA,94558,5360850,4,3.5,Napa,3173,435600,1987,121,1690,,Active,March-25-2018 01:00 PM,March-25-2018 04:00 PM,http://www.redfin.com/CA/Napa/1084-La-Londe-Ln-94558/home/144350054,BAREIS,21726861,N,Y,38.319449,-122.245742
MLS Listing,,Single Family Residential,1041 Laurel St,Napa,CA,94559,724000,2,2,Napa,1688,2788,1900,121,429,,Active,,,http://www.redfin.com/CA/Napa/1041-Laurel-St-94559/home/12190689,BAREIS,21726845,N,Y,38.2914887,-122.2838419
MLS Listing,,Single Family Residential,7059 Silverado Trl,Napa,CA,94558,2103750,4,3,Napa,2561,43560,1978,126,821,,Active,,,http://www.redfin.com/CA/Napa/7059-Silverado-Trl-94558/home/12200563,BAREIS,21726418,N,Y,38.4298,-122.344077
MLS Listing,,Single Family Residential,1031 Rimrock Dr,Napa,CA,94558,499000,3,2,Berryessa,1638,8507,2007,126,305,,Active,,,http://www.redfin.com/CA/Napa/1031-Rimrock-Dr-94558/home/12198124,BAREIS,21726309,N,Y,38.511398,-122.191976
MLS Listing,,Single Family Residential,1580 El Centro Ave,Napa,CA,94558,850000,3,2,Napa,2087,11487,1991,127,407,,Active,,,http://www.redfin.com/CA/Napa/1580-El-Centro-Ave-94558/home/12203183,BAREIS,21726469,N,Y,38.3362216,-122.3147598
MLS Listing,,Single Family Residential,1556 El Centro Ave,Napa,CA,94558,975000,3,2,Napa,1412,36595,1931,127,691,,Active,,,http://www.redfin.com/CA/Napa/1556-El-Centro-Ave-94558/home/12203145,BAREIS,21726470,N,Y,38.3364142,-122.3144941
MLS Listing,,Single Family Residential,81 Homewood Ave,Napa,CA,94558,563000,3,2,Napa,1465,9984,1941,137,384,,Active,,,http://www.redfin.com/CA/Napa/81-Homewood-Ave-94558/home/12188384,BAREIS,21725788,N,Y,38.2947546,-122.3067876
MLS Listing,,Single Family Residential,3219 Vichy Ave,Napa,CA,94558,2390000,6,3,Napa,3900,119354,1954,138,613,,Active,,,http://www.redfin.com/CA/Napa/3219-Vichy-Ave-94558/home/12214490,BAREIS,21725757,N,Y,38.332476,-122.255381
MLS Listing,,Single Family Residential,13 Saint Francis Cir,Napa,CA,94558,889000,3,3,Napa,2748,8298,1990,142,324,,Active,,,http://www.redfin.com/CA/Napa/13-Saint-Francis-Cir-94558/home/12209932,BAREIS,21725348,N,Y,38.275622,-122.306699
MLS Listing,,Single Family Residential,5224 Big Ranch Rd,Napa,CA,94558,6995000,4,4,Napa,3320,89298,1999,147,2107,,Active,,,http://www.redfin.com/CA/Napa/5224-Big-Ranch-Rd-94558/home/144155636,BAREIS,21724939,N,Y,38.3738219,-122.313991
MLS Listing,,Single Family Residential,460 Monte Vista Ct,Napa,CA,94559,3695000,4,4.5,Napa,4040,72745,2017,148,915,240,Active,,,http://www.redfin.com/CA/Napa/460-Monte-Vista-Ct-94559/home/62766407,BAREIS,21724915,N,Y,38.307068,-122.260078
MLS Listing,,Single Family Residential,3100 Old Sonoma Rd,Napa,CA,94558,14500000,6,6.5,Napa,7135,1518066,2008,166,2032,,Active,,,http://www.redfin.com/CA/Napa/3100-Old-Sonoma-Rd-94558/home/12209199,BAREIS,21723747,N,Y,38.290694,-122.31673
MLS Listing,,Single Family Residential,1522 Yountville Cross Rd,Yountville,CA,94599,2195000,3,2,Yountville,2105,43560,1960,182,1043,,Active,,,http://www.redfin.com/CA/Yountville/1522-Yountville-Cross-Rd-94599/home/12200575,BAREIS,21722381,N,Y,38.4263032,-122.343145
MLS Listing,,Single Family Residential,406 Franklin St,Napa,CA,94559,1325000,3,3,Napa,2534,7937,1871,183,523,,Active,,,http://www.redfin.com/CA/Napa/406-Franklin-St-94559/home/12190428,BAREIS,21722099,N,Y,38.2926521,-122.2875189
MLS Listing,,Single Family Residential,811 Foster Rd,Napa,CA,94558,639000,3,2.5,Napa,2051,6769,1971,188,312,,Active,,,http://www.redfin.com/CA/Napa/811-Foster-Rd-94558/home/12209362,BAREIS,21721873,N,Y,38.2817877,-122.3062561
MLS Listing,,Single Family Residential,2421 2nd St,Napa,CA,94559,499000,3,1,Napa,1116,4890,1925,198,447,,Active,,,http://www.redfin.com/CA/Napa/2421-2nd-St-94559/home/12189614,BAREIS,21720457,N,Y,38.2971203,-122.3008966
MLS Listing,,Single Family Residential,3006 Hagen Rd,Napa,CA,94558,650000,2,1,Napa,1159,11099,1950,225,561,,Active,,,http://www.redfin.com/CA/Napa/3006-Hagen-Rd-94558/home/12214790,BAREIS,21718745,N,Y,38.3233823,-122.2522502
MLS Listing,,Single Family Residential,555 Randolph St,Napa,CA,94559,1355880,3,2,Napa,2122,6490,1880,232,639,,Active,,,http://www.redfin.com/CA/Napa/555-Randolph-St-94559/home/12187775,BAREIS,21717052,N,Y,38.2946663,-122.2862156
MLS Listing,,Single Family Residential,6091 Dry Creek Rd,Napa,CA,94558,1575000,3,2.5,Napa,2500,522720,2007,312,630,,Active,,,http://www.redfin.com/CA/Napa/6091-Dry-Creek-Rd-94558/home/12200150,BAREIS,21710694,N,Y,38.4093834,-122.4481469
MLS Listing,,Single Family Residential,50 Capell Valley Crst,Napa,CA,94558,1295000,3,2.5,Berryessa,2430,2639300,2006,321,533,,Active,,,http://www.redfin.com/CA/Napa/50-Capell-Valley-Crst-94558/home/12200654,BAREIS,21709860,N,Y,38.484206,-122.225756
MLS Listing,,Single Family Residential,10 Catalpa Ct,Napa,CA,94558,679000,3,3.5,Circle Oaks,2662,10838,1986,399,255,29,Active,,,http://www.redfin.com/CA/Napa/10-Catalpa-Ct-94558/home/12200744,BAREIS,21702853,N,Y,38.413976,-122.215485
For-Sale-by-Owner Listing,,Single Family Residential,140 Harrison Ave,Napa,CA,94558,495000,3,2,Napa,1319,5227,1941,238,375,,Active,,,http://www.redfin.com/CA/Napa/140-Harrison-Ave-94558/home/12188329,Fizber.com,4925064,N,Y,38.2966401,-122.3076291
New Construction Home,,Single Family Residential,116 Riordan Ln,Napa,CA,94558,874380,3,2,Laurel Park Estates,2149,,2018,21,407,,Active,,,http://www.redfin.com/CA/Napa/116-Riordan-Ln-94558/home/144949215,NewHomeSource.com,1422067,N,Y,38.317054,-122.301921
New Construction Home,,Single Family Residential,108 Riordan Ln,Napa,CA,94558,885730,4,2.5,Laurel Park Estates,2375,,2018,21,373,,Active,,,http://www.redfin.com/CA/Napa/108-Riordan-Ln-94558/home/144949213,NewHomeSource.com,1422056,N,Y,38.317054,-122.301921
New Construction Home,,Single Family Residential,124 Riordan Ln,Napa,CA,94558,890030,4,2.5,Laurel Park Estates,2375,,2018,21,375,,Active,,,http://www.redfin.com/CA/Napa/124-Riordan-Ln-94558/home/144949212,NewHomeSource.com,1422080,N,Y,38.317054,-122.301921
New Construction Home,,Single Family Residential,132 Riordan Ln,Napa,CA,94558,977140,5,3.5,Laurel Park Estates,2821,,2018,21,346,,Active,,,http://www.redfin.com/CA/Napa/132-Riordan-Ln-94558/home/144949209,NewHomeSource.com,1422097,N,Y,38.317054,-122.301921
New Construction Plan,,Single Family Residential,Plan 1,Napa,CA,94558,839900,3,2,Laurel Park Estates,2149,,,,391,,Active,,,http://www.redfin.com/CA/Napa/Laurel-Park-Estates/Plan-1/home/145086164,NewHomeSource.com,Plan-31460035,N,Y,38.296059,-122.314977
New Construction Plan,,Single Family Residential,Plan 2,Napa,CA,94558,869900,4,2.5,Laurel Park Estates,2375,,,,366,,Active,,,http://www.redfin.com/CA/Napa/Laurel-Park-Estates/Plan-2/home/145086163,NewHomeSource.com,Plan-31460036,N,Y,38.296059,-122.314977
New Construction Plan,,Single Family Residential,Plan 3,Napa,CA,94558,919000,4,3.5,Laurel Park Estates,2629,,,,350,,Active,,,http://www.redfin.com/CA/Napa/Laurel-Park-Estates/Plan-3/home/144949210,NewHomeSource.com,Plan-31460038,N,Y,38.2975381,-122.286865
New Construction Plan,,Single Family Residential,Plan 3D,Napa,CA,94558,949900,5,3.5,Laurel Park Estates,2821,,,,337,,Active,,,http://www.redfin.com/CA/Napa/Laurel-Park-Estates/Plan-3D/home/145086162,NewHomeSource.com,Plan-31479353,N,Y,38.296059,-122.314977
PAST SALE,February-5-2018,Single Family Residential,2482 Lennox St,Napa,CA,94558,779000,4,3,Napa,2128,9723,1976,44,366,,Sold,,,http://www.redfin.com/CA/Napa/2482-Lennox-St-94558/home/12192349,BAREIS,21723915,N,Y,38.3242985,-122.3283999
PAST SALE,,Single Family Residential,3553 Beckworth Dr,Napa,CA,94558,540000,3,2,,1189,5686,1956,,454,,,,,http://www.redfin.com/CA/Napa/3553-Beckworth-Dr-94558/home/12185801,,,N,Y,38.3251604,-122.3050602
PAST SALE,March-14-2018,Single Family Residential,3409 Boulder Creek Ct,Napa,CA,94558,717500,4,2,Napa,1845,7545,1975,7,389,,Sold,,,http://www.redfin.com/CA/Napa/3409-Boulder-Creek-Ct-94558/home/12215456,BAREIS,21802539,N,Y,38.3022088,-122.3395143
PAST SALE,January-30-2018,Single Family Residential,2556 Vine Hill Dr,Napa,CA,94558,787200,4,2.5,Napa,2102,6977,1972,50,375,,Sold,,,http://www.redfin.com/CA/Napa/2556-Vine-Hill-Dr-94558/home/12191686,BAREIS,21728655,N,Y,38.3280073,-122.3345993
PAST SALE,,Single Family Residential,3641 Evergreen Ct,Napa,CA,94558,,3,2,,1261,8224,1959,,,,Sold,,,http://www.redfin.com/CA/Napa/3641-Evergreen-Ct-94558/home/12186128,BAREIS,,N,Y,38.3269756,-122.3049273
PAST SALE,March-16-2018,Single Family Residential,3400 Redwood Rd,Napa,CA,94558,1762000,7,8.5,Napa,6133,87991,1955,5,287,,Sold,,,http://www.redfin.com/CA/Napa/3400-Redwood-Rd-94558/home/12201555,BAREIS,21705966,N,Y,38.3311596,-122.3548334
PAST SALE,February-2-2018,Single Family Residential,1124 Estates Dr,Napa,CA,94558,580000,3,2,Napa,1714,9493,1978,47,338,,Sold,,,http://www.redfin.com/CA/Napa/1124-Estates-Dr-94558/home/12215324,BAREIS,21725022,N,Y,38.302057,-122.3446283
PAST SALE,January-31-2018,Single Family Residential,1150 Castle Oaks Dr,Napa,CA,94558,2100000,4,3.5,Napa,3735,36198,2001,49,562,320,Sold,,,http://www.redfin.com/CA/Napa/1150-Castle-Oaks-Dr-94558/home/12219884,BAREIS,21726503,N,Y,38.3562142,-122.2560391
PAST SALE,February-12-2018,Single Family Residential,1690 E St,Napa,CA,94559,519000,2,2,Napa,1050,10303,1910,37,494,,Sold,,,http://www.redfin.com/CA/Napa/1690-E-St-94559/home/12186592,BAREIS,21722768,N,Y,38.3035238,-122.3011181
PAST SALE,January-26-2018,Single Family Residential,140 Mayfield Ct,Napa,CA,94558,585000,4,2,Napa,1568,9174,1963,54,373,,Sold,,,http://www.redfin.com/CA/Napa/140-Mayfield-Ct-94558/home/12206346,BAREIS,21727028,N,Y,38.3103111,-122.3426137
PAST SALE,January-23-2018,Single Family Residential,2117 Lone Oak Ave,Napa,CA,94558,888000,4,3,Napa,2430,22799,1954,57,365,,Sold,,,http://www.redfin.com/CA/Napa/2117-Lone-Oak-Ave-94558/home/12208713,BAREIS,21721034,N,Y,38.3069801,-122.3123018
PAST SALE,January-26-2018,Single Family Residential,344 Skylark Way,Napa,CA,94558,685000,4,3,Napa,2137,9052,1984,54,321,,Sold,,,http://www.redfin.com/CA/Napa/344-Skylark-Way-94558/home/12214948,BAREIS,21723675,N,Y,38.3099246,-122.3493879
PAST SALE,January-29-2018,Single Family Residential,1406 Carol Dr,Napa,CA,94558,499500,3,1,Napa,1015,7392,1953,51,492,,Sold,,,http://www.redfin.com/CA/Napa/1406-Carol-Dr-94558/home/12208157,BAREIS,21728800,N,Y,38.3142188,-122.3121468
PAST SALE,January-30-2018,Single Family Residential,4445 Moffitt Dr,Napa,CA,94558,650000,3,2,Napa,1324,7675,1968,50,491,,Sold,,,http://www.redfin.com/CA/Napa/4445-Moffitt-Dr-94558/home/12202167,BAREIS,21728471,N,Y,38.3437679,-122.3207386
PAST SALE,,Single Family Residential,1834 Sierra Ave,Napa,CA,94558,485000,3,1,,1122,9987,1954,,432,,,,,http://www.redfin.com/CA/Napa/1834-Sierra-Ave-94558/home/12203364,,,N,Y,38.3277954,-122.3113939
PAST SALE,January-30-2018,Single Family Residential,1642 Rainier Ave,Napa,CA,94558,655000,6,3,Napa,2464,10406,1956,50,266,,Sold,,,http://www.redfin.com/CA/Napa/1642-Rainier-Ave-94558/home/12203293,BAREIS,21728412,N,Y,38.329115,-122.3088472
PAST SALE,January-25-2018,Single Family Residential,2753 Iowa St,Napa,CA,94558,597000,3,1.5,Napa,1304,7100,1952,55,458,,Sold,,,http://www.redfin.com/CA/Napa/2753-Iowa-St-94558/home/12189265,BAREIS,21724788,N,Y,38.2860143,-122.3088687
PAST SALE,,Single Family Residential,2036 Delpha Dr,Napa,CA,94558,470000,3,1,,1011,6235,1954,,465,,,,,http://www.redfin.com/CA/Napa/2036-Delpha-Dr-94558/home/12208203,,,N,Y,38.3154489,-122.3088693
PAST SALE,January-23-2018,Single Family Residential,7830 Silverado Trl,Napa,CA,94558,12210000,6,7.5,Napa,8229,2620570,2015,57,1484,,Sold,,,http://www.redfin.com/CA/Napa/7830-Silverado-Trl-94558/home/12200507,BAREIS,21718203,N,Y,38.460679,-122.358163
PAST SALE,January-18-2018,Single Family Residential,626 Rio Vista Dr,Napa,CA,94558,530000,4,2.5,Napa,1912,5846,1970,62,277,,Sold,,,http://www.redfin.com/CA/Napa/626-Rio-Vista-Dr-94558/home/12210821,BAREIS,21724190,N,Y,38.3140564,-122.282597
PAST SALE,January-5-2018,Single Family Residential,36 Blue Jay Ct,Napa,CA,94558,820000,3,2,Napa,1667,14549,1986,75,492,,Sold,,,http://www.redfin.com/CA/Napa/36-Blue-Jay-Ct-94558/home/12215012,BAREIS,21725819,N,Y,38.308902,-122.350851
PAST SALE,January-17-2018,Single Family Residential,3530 Sandybrook Ln,Napa,CA,94558,746790,5,2,Napa,2012,9306,1973,63,371,,Sold,,,http://www.redfin.com/CA/Napa/3530-Sandybrook-Ln-94558/home/12215131,BAREIS,21727059,N,Y,38.3047834,-122.3432779
PAST SALE,January-18-2018,Single Family Residential,102 Luke Dr,Napa,CA,94558,1305000,4,4.5,Napa,3218,10890,2017,62,406,99,Sold,,,http://www.redfin.com/CA/Napa/102-Luke-Dr-94558/home/143292480,BAREIS,21722247,N,Y,38.3424419,-122.3316565
PAST SALE,February-7-2018,Single Family Residential,2479 Pacific St,Napa,CA,94558,570000,2,2,Napa,1450,6212,1943,42,393,,Sold,,,http://www.redfin.com/CA/Napa/2479-Pacific-St-94558/home/12185245,BAREIS,21726844,N,Y,38.3087143,-122.3019154
PAST SALE,March-20-2018,Single Family Residential,149 Lilienthal Ave,Napa,CA,94558,570000,2,1,Napa,1236,7192,1920,1,461,,Sold,,,http://www.redfin.com/CA/Napa/149-Lilienthal-Ave-94558/home/12189092,BAREIS,21803857,N,Y,38.2892225,-122.3121468
PAST SALE,January-26-2018,Single Family Residential,1013 Toldi Ln,Napa,CA,94558,770000,3,2.5,Napa,2115,7632,1991,54,364,,Sold,,,http://www.redfin.com/CA/Napa/1013-Toldi-Ln-94558/home/12208741,BAREIS,21715509,N,Y,38.3082938,-122.3095337
PAST SALE,January-5-2018,Single Family Residential,2691 Yajome St,Napa,CA,94558,580000,3,2,Napa,1578,9705,1948,75,368,,Sold,,,http://www.redfin.com/CA/Napa/2691-Yajome-St-94558/home/12184833,BAREIS,21720826,N,Y,38.3162334,-122.2934669
PAST SALE,February-6-2018,Single Family Residential,3118 Stallings Dr,Napa,CA,94558,720000,3,2,Napa,1591,7610,1996,43,453,,Sold,,,http://www.redfin.com/CA/Napa/3118-Stallings-Dr-94558/home/12204990,BAREIS,21728578,N,Y,38.3415985,-122.312479
PAST SALE,January-24-2018,Single Family Residential,15 Nicholas Ct,Napa,CA,94558,778500,4,2.5,Napa,2468,8622,2000,56,315,,Sold,,,http://www.redfin.com/CA/Napa/15-Nicolas-Ct-94558/home/12221160,BAREIS,21719349,N,Y,38.322673,-122.3196315
PAST SALE,January-26-2018,Single Family Residential,26 Laurel Ln,Napa,CA,94558,900000,3,2.5,Napa,2860,11713,1993,54,315,155,Sold,,,http://www.redfin.com/CA/Napa/26-Laurel-Ln-94558/home/12210325,BAREIS,21627202,N,Y,38.2972512,-122.3162214
PAST SALE,December-27-2017,Single Family Residential,1279 Leaning Oak Dr,Napa,CA,94558,2385000,4,4,Napa,4552,158123,2001,84,524,,Sold,,,http://www.redfin.com/CA/Napa/1279-Leaning-Oak-Dr-94558/home/12215353,BAREIS,21707969,N,Y,38.3000866,-122.3479047
PAST SALE,,Single Family Residential,1473 Barbara Rd,Napa,CA,94558,418000,3,,,1203,7235,1954,,347,,,,,http://www.redfin.com/CA/Napa/1473-Barbara-Rd-94558/home/12208049,,,N,Y,38.3147572,-122.3160442
PAST SALE,March-16-2018,Single Family Residential,1539 Cinnamond St,Napa,CA,94559,570000,2,1,Napa,845,6534,1950,5,675,,Sold,,,http://www.redfin.com/CA/Napa/1539-Cinnamond-St-94559/home/12190324,BAREIS,21802009,N,Y,38.2888034,-122.2932486
PAST SALE,,Single Family Residential,2101 Russell St,Napa,CA,94559,300000,3,2,,1237,7175,1956,,243,,,,,http://www.redfin.com/CA/Napa/2101-Russell-St-94559/home/12213172,,,N,Y,38.2825327,-122.2616888
PAST SALE,January-5-2018,Single Family Residential,1484 Sumner Ave,Napa,CA,94558,582000,3,2,Napa,1578,5785,1966,75,369,,Sold,,,http://www.redfin.com/CA/Napa/1484-Sumner-Ave-94558/home/12185567,BAREIS,21726657,N,Y,38.3196679,-122.3032663
PAST SALE,December-21-2017,Single Family Residential,2114 W Park Ave,Napa,CA,94558,1200000,4,3,Napa,2595,31363,1953,90,462,,Sold,,,http://www.redfin.com/CA/Napa/2114-W-Park-Ave-94558/home/143292501,BAREIS,21719847,N,Y,38.311308,-122.3105523
PAST SALE,February-7-2018,Single Family Residential,1498 Center St,Napa,CA,94559,890000,4,2.5,Napa,2140,7253,1938,42,416,,Sold,,,http://www.redfin.com/CA/Napa/1498-Center-St-94559/home/12187662,BAREIS,21726246,N,Y,38.30077,-122.292432
PAST SALE,January-11-2018,Single Family Residential,200 Orange Grove Ln,Napa,CA,94558,2550000,4,3,Napa,2044,223027,1977,69,1248,,Sold,,,http://www.redfin.com/CA/Napa/200-Orange-Grove-Dr-94558/home/144539582,BAREIS,21728466,N,Y,38.356769,-122.291161
PAST SALE,January-12-2018,Single Family Residential,4260 Wine Country Ct,Napa,CA,94558,689000,4,3,Napa,1891,3703,2017,68,364,93,Sold,,,http://www.redfin.com/CA/Napa/4260-Wine-Country-Ave-94558/home/113615156,BAREIS,21718847,N,Y,38.335949,-122.323624
PAST SALE,January-5-2018,Single Family Residential,534 E Spring St,Napa,CA,94559,735000,3,2,Napa,1316,6490,1950,75,559,,Sold,,,http://www.redfin.com/CA/Napa/534-E-Spring-St-94559/home/12211796,BAREIS,21725068,N,Y,38.3061807,-122.2686454
PAST SALE,January-9-2018,Single Family Residential,217 Berryessa Dr,Napa,CA,94558,204000,3,2,Berryessa,1260,7732,1972,71,162,,Sold,,,http://www.redfin.com/CA/Napa/217-Berryessa-Dr-94558/home/12198034,BAREIS,21624400,N,Y,38.607331,-122.276258
PAST SALE,,Other,1124 State Ln,Yountville,CA,94599,10400000,3,3.5,,3017,87120,1965,,3447,,,,,http://www.redfin.com/CA/Yountville/1124-State-Ln-94599/home/12200550,,,N,Y,38.427674,-122.351078
PAST SALE,January-12-2018,Single Family Residential,1926 Valencia St,Napa,CA,94558,664000,3,2,Napa,1618,9836,1976,68,410,,Sold,,,http://www.redfin.com/CA/Napa/1926-Valencia-St-94558/home/12203219,BAREIS,21725287,N,Y,38.3340189,-122.3171735
PAST SALE,January-10-2018,Single Family Residential,66 Bellevue Ave,Napa,CA,94558,505000,3,1,Napa,805,5458,1941,70,627,,Sold,,,http://www.redfin.com/CA/Napa/66-Bellevue-Ave-94558/home/12188254,BAREIS,21727131,N,Y,38.2969769,-122.3100209
PAST SALE,January-8-2018,Single Family Residential,50 Greenbriar Cir,Napa,CA,94558,2995000,4,4.5,Napa,4753,25613,2005,72,630,320,Sold,,,http://www.redfin.com/CA/Napa/50-Greenbriar-Cir-94558/home/12222105,BAREIS,21723098,N,Y,38.3547317,-122.2553301
PAST SALE,January-9-2018,Single Family Residential,4265 Wine Country Ct,Napa,CA,94558,709000,4,3,Napa,2143,4050,2017,71,331,93,Sold,,,http://www.redfin.com/CA/Napa/4265-Wine-Country-Ave-94558/home/143292479,BAREIS,21724751,N,Y,38.336317,-122.323851
PAST SALE,January-10-2018,Single Family Residential,1053 Coombsville Rd,Napa,CA,94558,622500,2,2,Napa,1118,21863,1952,70,557,,Sold,,,http://www.redfin.com/CA/Napa/1053-Coombsville-Rd-94558/home/12212307,BAREIS,21726436,N,Y,38.296424,-122.267199
PAST SALE,March-8-2018,Single Family Residential,70 Linnell Ave,Napa,CA,94559,570000,3,2,Napa,1084,6556,1942,13,526,,Sold,,,http://www.redfin.com/CA/Napa/70-Linnell-Ave-94559/home/12191482,BAREIS,21802351,N,Y,38.2974359,-122.2730318
PAST SALE,January-12-2018,Single Family Residential,741 Joseph Ct,Napa,CA,94558,585000,4,2.5,Napa,1997,6508,1978,68,293,,Sold,,,http://www.redfin.com/CA/Napa/741-Joseph-Ct-94558/home/12210659,BAREIS,21719002,N,Y,38.315178,-122.287386
PAST SALE,January-5-2018,Single Family Residential,4270 Wine Country Ct,Napa,CA,94558,689000,4,3,Napa,1907,3703,2017,75,361,93,Sold,,,http://www.redfin.com/CA/Napa/4270-Wine-Country-Ave-94558/home/113771105,BAREIS,21724753,N,Y,38.336517,-122.323687
PAST SALE,February-16-2018,Single Family Residential,633 Montecito Blvd,Napa,CA,94559,1775000,3,3.5,Napa,2513,70990,1956,33,706,,Sold,,,http://www.redfin.com/CA/Napa/633-Montecito-Blvd-94559/home/12191065,BAREIS,21727719,N,Y,38.306143,-122.2649942
PAST SALE,,Single Family Residential,110 Luke Dr,Napa,CA,94558,1364500,,,,,10454,,,,,,,,http://www.redfin.com/CA/Napa/110-Luke-Dr-94558/home/113073256,,,N,Y,38.3424104,-122.3321839
PAST SALE,March-2-2018,Single Family Residential,246 Country Club Ln,Napa,CA,94558,490500,3,2.5,Circle Oaks,2302,10494,1992,19,213,29,Sold,,,http://www.redfin.com/CA/Napa/246-Country-Club-Ln-94558/home/12200929,BAREIS,21801594,N,Y,38.4055842,-122.2089017
PAST SALE,January-25-2018,Single Family Residential,3323 Craigie Ct,Napa,CA,94558,725000,5,2.5,Napa,2565,8011,1976,55,283,,Sold,,,http://www.redfin.com/CA/Napa/3323-Craigie-Ct-94558/home/12206512,BAREIS,21727260,N,Y,38.3077428,-122.3324074
PAST SALE,January-30-2018,Single Family Residential,2763 Old Sonoma Rd,Napa,CA,94558,590000,3,2,Napa,1400,8999,1949,50,421,,Sold,,,http://www.redfin.com/CA/Napa/2763-Old-Sonoma-Rd-94558/home/12189207,BAREIS,21727614,N,Y,38.28756,-122.3099766
PAST SALE,January-26-2018,Single Family Residential,3433 Crestview Ct,Napa,CA,94558,1060000,4,3.5,Napa,3133,15246,1979,54,338,,Sold,,,http://www.redfin.com/CA/Napa/3433-Crestview-Ct-94558/home/12215514,BAREIS,21726537,N,Y,38.2996225,-122.3402891
PAST SALE,February-12-2018,Single Family Residential,1122 Monticello Rd,Napa,CA,94558,3150000,3,3,Napa,5700,155945,2006,37,553,,Sold,,,http://www.redfin.com/CA/Napa/1122-Monticello-Rd-94558/home/95469895,BAREIS,21608391,N,Y,38.330056,-122.2699525
PAST SALE,January-12-2018,Single Family Residential,4235 Wine Country Ct,Napa,CA,94558,679000,4,3,Napa,1907,3703,2017,68,356,93,Sold,,,http://www.redfin.com/CA/Napa/4235-Wine-Country-Ave-94558/home/143292477,BAREIS,21727582,N,Y,38.336096,-122.323373
PAST SALE,March-5-2018,Single Family Residential,2130 Holmes Ave,Napa,CA,94559,460000,2,1,Napa,947,5036,1950,16,486,,Sold,,,http://www.redfin.com/CA/Napa/2130-Holmes-Ave-94559/home/12212770,BAREIS,21800541,N,Y,38.2836649,-122.2660755
PAST SALE,January-8-2018,Single Family Residential,1252 Cayetano Dr,Napa,CA,94559,910000,5,3,Napa,3458,11949,2013,72,263,,Sold,,,http://www.redfin.com/CA/Napa/1252-Cayetano-Dr-94559/home/19048290,BAREIS,21720458,N,Y,38.288705,-122.263205
PAST SALE,December-21-2017,Single Family Residential,9 Lone Wood Ct,Napa,CA,94558,1345000,3,3,Napa,3082,9958,2017,90,436,,Sold,,,http://www.redfin.com/CA/Napa/9-Lone-Wood-Ct-94558/home/22601506,BAREIS,21713921,N,Y,38.30685,-122.310695
PAST SALE,,Single Family Residential,751 Somerset Pl,Napa,CA,94558,580000,4,2,,1653,7543,1956,,351,,,,,http://www.redfin.com/CA/Napa/751-Somerset-Pl-94558/home/12189336,,,N,Y,38.2826541,-122.3074077
PAST SALE,,Single Family Residential,2830 Sacramento St,Napa,CA,94558,315000,1,,,864,8422,1930,,365,,,,,http://www.redfin.com/CA/Napa/2830-Sacramento-St-94558/home/12184715,,,N,Y,38.3129604,-122.3050602
PAST SALE,December-26-2017,Single Family Residential,208 Blue Cove Ct,Napa,CA,94558,325000,3,2,Berryessa,1630,8908,2007,85,199,,Sold,,,http://www.redfin.com/CA/Napa/208-Blue-Cove-Ct-94558/home/12198142,BAREIS,21728024,N,Y,38.509585,-122.194407
PAST SALE,,Single Family Residential,223 Alchemy Way,Napa,CA,94558,1425000,4,3.5,,3770,11897,2001,,378,,,,,http://www.redfin.com/CA/Napa/223-Alchemy-Way-94558/home/12220509,,,N,Y,38.3460439,-122.3311675
PAST SALE,January-29-2018,Single Family Residential,1155 Grape Ln,Rutherford,CA,94573,1200000,3,2,Rutherford,1498,7139,1993,51,801,,Sold,,,http://www.redfin.com/CA/Rutherford/1155-Grape-Ln-94573/home/108306722,BAREIS,21707088,N,Y,38.458431,-122.421288
PAST SALE,,Single Family Residential,17 N Newport Dr,Napa,CA,94559,1525000,4,2.5,,2481,11326,1997,,615,,,,,http://www.redfin.com/CA/Napa/17-N-Newport-Dr-94559/home/12210027,,,N,Y,38.277327,-122.284291
PAST SALE,March-2-2018,Single Family Residential,2376 Chad Ct,Napa,CA,94558,850000,4,3,Napa,2164,8516,1978,19,393,,Sold,,,http://www.redfin.com/CA/Napa/2376-Chad-Ct-94558/home/12208860,BAREIS,21802880,N,Y,38.3044484,-122.3103752
PAST SALE,March-5-2018,Single Family Residential,1409 East Ave,Napa,CA,94559,825000,2,2,Napa,1412,5336,1940,16,584,,Sold,,,http://www.redfin.com/CA/Napa/1409-East-Ave-94559/home/12211697,BAREIS,21723453,N,Y,38.3061515,-122.2739179
PAST SALE,March-20-2018,Single Family Residential,3256 Macdonald St,Napa,CA,94558,567500,3,1,Napa,1085,6103,1972,1,523,,Sold,,,http://www.redfin.com/CA/Napa/3256-MacDonald-St-94558/home/12207665,BAREIS,21803534,N,Y,38.3160436,-122.3233958
PAST SALE,February-23-2018,Single Family Residential,4420 Dumas St,Napa,CA,94558,830000,4,3,Napa,2407,5218,1995,26,345,,Sold,,,http://www.redfin.com/CA/Napa/4420-Dumas-St-94558/home/12191890,BAREIS,21800658,N,Y,38.3328511,-122.3266792
PAST SALE,March-7-2018,Single Family Residential,99 Luke Dr,Napa,CA,94558,1799228,4,4.5,Napa,3385,23145,2017,14,532,99,Sold,,,http://www.redfin.com/CA/Napa/99-Luke-Dr-94558/home/143292496,BAREIS,21724300,N,Y,38.3422695,-122.331706
PAST SALE,February-28-2018,Single Family Residential,710 Pueblo Ave,Napa,CA,94558,450000,3,1,Napa,1046,6473,1955,21,430,,Sold,,,http://www.redfin.com/CA/Napa/710-Pueblo-Ave-94558/home/12210518,BAREIS,21800343,N,Y,38.3180716,-122.2857911
PAST SALE,February-23-2018,Single Family Residential,931 Serendipity Way,Napa,CA,94558,940000,3,2.5,Napa,2121,12036,2015,26,443,235,Sold,,,http://www.redfin.com/CA/Napa/931-Serendipity-Way-94558/home/95469996,BAREIS,21801394,N,Y,38.3285219,-122.2910609
PAST SALE,March-5-2018,Single Family Residential,52 Westwood Ave,Napa,CA,94558,425000,3,2,Napa,1590,5693,1941,16,267,,Sold,,,http://www.redfin.com/CA/Napa/52-Westwood-Ave-94558/home/12187870,BAREIS,21800515,N,Y,38.3006825,-122.3131212
PAST SALE,December-26-2017,Single Family Residential,1607 1st St,Napa,CA,94559,972475,5,2.5,Napa,3076,5227,1903,85,316,,Sold,,,http://www.redfin.com/CA/Napa/1607-1st-St-94559/home/12187696,BAREIS,21720720,N,Y,38.297016,-122.291339
PAST SALE,February-7-2018,Single Family Residential,1408 F St,Napa,CA,94559,770000,3,2,Napa,1988,4927,1925,42,387,,Sold,,,http://www.redfin.com/CA/Napa/1408-F-St-94559/home/12186630,BAREIS,21723916,N,Y,38.305456,-122.296157
PAST SALE,February-26-2018,Single Family Residential,1741 Pueblo Ave,Napa,CA,94558,490000,2,2,Napa,1374,7767,1954,23,357,,Sold,,,http://www.redfin.com/CA/Napa/1741-Pueblo-Ave-94558/home/12184710,BAREIS,21727883,N,Y,38.3141494,-122.3048609
PAST SALE,February-8-2018,Single Family Residential,706 Casswall St,Napa,CA,94558,810000,3,2.5,Napa,2513,,1988,41,322,287,Sold,,,http://www.redfin.com/CA/Napa/706-Casswall-St-94558/home/12209220,BAREIS,21728113,N,Y,38.2825179,-122.3078506
PAST SALE,February-20-2018,Single Family Residential,4139 Ortez Ct,Napa,CA,94558,712000,5,3,Napa,2343,9779,1974,29,304,,Sold,,,http://www.redfin.com/CA/Napa/4139-Ortez-Ct-94558/home/12192167,BAREIS,21720381,N,Y,38.3299836,-122.3253
PAST SALE,,Single Family Residential,1521 Menlo Ave,Napa,CA,94558,435000,3,2,,1274,7500,1950,,341,,,,,http://www.redfin.com/CA/Napa/1521-Menlo-Ave-94558/home/12184905,,,N,Y,38.3128963,-122.3009409
PAST SALE,February-21-2018,Single Family Residential,2719 Crocker St,Napa,CA,94558,535000,3,2,Napa,1256,6360,1960,28,426,,Sold,,,http://www.redfin.com/CA/Napa/2719-Crocker-St-94558/home/12186022,BAREIS,21800486,N,Y,38.3174395,-122.2919744
PAST SALE,,Single Family Residential,2542 Patricia Dr,Napa,CA,94558,535000,3,2,,1438,7349,1965,,372,,,,,http://www.redfin.com/CA/Napa/2542-Patricia-Dr-94558/home/12192868,,,N,Y,38.3222489,-122.3260528
PAST SALE,February-26-2018,Single Family Residential,2042 Devonshire Dr,Napa,CA,94558,625000,3,2,Napa,1321,4447,1993,23,473,,Sold,,,http://www.redfin.com/CA/Napa/2042-Devonshire-Dr-94558/home/12193560,BAREIS,21726695,N,Y,38.3266116,-122.3156013
PAST SALE,January-31-2018,Single Family Residential,2015 Monticello Rd,Napa,CA,94558,425000,3,1,Napa,1432,13582,1940,49,297,,Sold,,,http://www.redfin.com/CA/Napa/2015-Monticello-Rd-94558/home/12214555,BAREIS,21800429,N,Y,38.3380122,-122.2603595
PAST SALE,February-23-2018,Single Family Residential,1167 Whitney Ave,Napa,CA,94559,463000,3,2,Napa,1336,5802,1952,26,347,,Sold,,,http://www.redfin.com/CA/Napa/1167-Whitney-Ave-94559/home/12212944,BAREIS,21800969,N,Y,38.2807738,-122.2671168
PAST SALE,,Single Family Residential,1183 Ross Cir,Napa,CA,94558,1964500,8,5,,3971,39835,1978,,495,,,,,http://www.redfin.com/CA/Napa/1183-Ross-Cir-94558/home/12214674,,,N,Y,38.3303372,-122.2662084
PAST SALE,February-20-2018,Single Family Residential,1408 Vista Ave,Napa,CA,94559,590000,2,1,Napa,1092,5946,1950,29,540,,Sold,,,http://www.redfin.com/CA/Napa/1408-Vista-Ave-94559/home/12211670,BAREIS,21801734,N,Y,38.3058195,-122.2764433
PAST SALE,February-22-2018,Single Family Residential,200 Cardwell Ct,Napa,CA,94559,1213000,3,4,Napa,3270,10000,2009,27,371,,Sold,,,http://www.redfin.com/CA/Napa/200-Cardwell-Ct-94559/home/21927323,BAREIS,21800996,N,Y,38.287672,-122.2622427
PAST SALE,February-22-2018,Single Family Residential,10 Lone Wood Ct,Napa,CA,94558,1315000,3,3,Napa,3082,9910,2017,27,427,,Sold,,,http://www.redfin.com/CA/Napa/10-Lone-Wood-Ct-94558/home/22601508,BAREIS,21713909,N,Y,38.306951,-122.310141
PAST SALE,February-22-2018,Single Family Residential,2108 W Lincoln Ave,Napa,CA,94559,985000,3,3,Napa,2965,9363,2011,27,332,,Sold,,,http://www.redfin.com/CA/Napa/2108-W-Lincoln-Ave-94558/home/22608504,BAREIS,21800546,N,Y,38.3061317,-122.3109731
PAST SALE,February-21-2018,Single Family Residential,755 Ponder Ct,Napa,CA,94559,608000,3,2.5,Napa,2106,5118,2007,28,289,154,Sold,,,http://www.redfin.com/CA/Napa/755-Ponder-Ct-94559/home/17246799,BAREIS,21802001,N,Y,38.2778769,-122.295323
PAST SALE,February-26-2018,Single Family Residential,2082 Eva St,Napa,CA,94559,600000,4,3,Napa,2109,2178,2016,23,284,320,Sold,,,http://www.redfin.com/CA/Napa/2082-Eva-St-94559/home/108509439,BAREIS,21727329,N,Y,38.2782162,-122.2944844
PAST SALE,March-14-2018,Single Family Residential,,Napa,CA,94558,810000,4,2,,1845,11230,1977,7,439,,Sold,,,http://www.redfin.com/CA/Napa/Undisclosed-address-94558/home/12193024,BAREIS,21803275,N,Y,38.3206703,-122.3285991
PAST SALE,March-13-2018,Single Family Residential,2641 Kilburn Ave,Napa,CA,94558,445000,2,1,Napa,765,5044,1941,8,582,,Sold,,,http://www.redfin.com/CA/Napa/2641-Kilburn-Ave-94558/home/12188436,BAREIS,21728828,N,Y,38.2953631,-122.3049273
PAST SALE,December-21-2017,Single Family Residential,75 Catania Ln,Napa,CA,94558,815000,4,3.5,Napa,2797,5693,2005,90,291,,Sold,,,http://www.redfin.com/CA/Napa/75-Catania-Ln-94558/home/12223684,BAREIS,21720991,N,Y,38.3276924,-122.2901547
PAST SALE,December-21-2017,Single Family Residential,1658 Carol Dr,Napa,CA,94558,470000,3,1,Napa,1035,6238,1956,90,454,,Sold,,,http://www.redfin.com/CA/Napa/1658-Carol-Dr-94558/home/12207604,BAREIS,21725545,N,Y,38.3186861,-122.3131869
PAST SALE,,Single Family Residential,2073 W Park Ave,Napa,CA,94558,192500,,,,2230,19800,1947,,86,,,,,http://www.redfin.com/CA/Napa/2073-W-Park-Ave-94558/home/12208590,,,N,Y,38.3110824,-122.3085814
PAST SALE,February-27-2018,Single Family Residential,2031 Main St,Napa,CA,94559,725000,5,2.5,Napa,2839,6338,,22,255,,Sold,,,http://www.redfin.com/CA/Napa/2031-Main-St-94559/home/12187203,BAREIS,21711499,N,Y,38.3075755,-122.2926697
PAST SALE,March-5-2018,Single Family Residential,2582 Vine Hill Dr,Napa,CA,94558,659000,4,2,Napa,1334,6599,1973,16,494,,Sold,,,http://www.redfin.com/CA/Napa/2582-Vine-Hill-Dr-94558/home/12191704,BAREIS,21801515,N,Y,38.3274895,-122.3354406
PAST SALE,March-1-2018,Single Family Residential,116 Parkview Ln,Napa,CA,94558,415000,3,2,Berryessa,1428,11979,1984,20,291,,Sold,,,http://www.redfin.com/CA/Napa/116-Parkview-Ln-94558/home/12198201,BAREIS,21800865,N,Y,38.507013,-122.195139
PAST SALE,February-28-2018,Single Family Residential,1161 Castle Oaks Dr,Napa,CA,94558,2200000,5,4.5,Napa,4753,29782,2002,21,463,320,Sold,,,http://www.redfin.com/CA/Napa/1161-Castle-Oaks-Dr-94558/home/12219879,BAREIS,21724661,N,Y,38.3556853,-122.2572798
PAST SALE,March-2-2018,Single Family Residential,4467 Meadowlark Dr,Napa,CA,94558,589000,4,2,Napa,1560,6299,1973,19,378,,Sold,,,http://www.redfin.com/CA/Napa/4467-Meadowlark-Dr-94558/home/12202519,BAREIS,21801511,N,Y,38.3467527,-122.3172843
PAST SALE,February-27-2018,Single Family Residential,2166 Delpha Dr,Napa,CA,94558,489000,3,1,Napa,1141,6098,1954,22,429,,Sold,,,http://www.redfin.com/CA/Napa/2166-Delpha-Dr-94558/home/12208166,BAREIS,21726005,N,Y,38.3146236,-122.3117925
PAST SALE,February-23-2018,Single Family Residential,4215 Wine Country Ct,Napa,CA,94558,679000,4,3,Napa,1907,3703,2017,26,356,93,Sold,,,http://www.redfin.com/CA/Napa/4215-Wine-Country-Ave-94558/home/114103383,BAREIS,21728030,N,Y,38.328207,-122.3368251
PAST SALE,January-19-2018,Single Family Residential,4430 Meadowlark Dr,Napa,CA,94558,515000,3,2,Napa,1186,5824,1973,61,434,,Sold,,,http://www.redfin.com/CA/Napa/4430-Meadowlark-Dr-94558/home/12202566,BAREIS,21722227,N,Y,38.3447834,-122.3151584
PAST SALE,March-14-2018,Single Family Residential,2211 Mount Veeder Rd,Napa,CA,94558,830000,2,2,Napa,1166,217800,1943,7,712,,Sold,,,http://www.redfin.com/CA/Napa/2211-Mount-Veeder-Rd-94558/home/12201214,BAREIS,21725380,N,Y,38.365283,-122.410248
PAST SALE,January-11-2018,Single Family Residential,3655 Dartmouth Dr,Napa,CA,94558,647000,3,2,Napa,1535,10925,1959,69,421,,Sold,,,http://www.redfin.com/CA/Napa/3655-Dartmouth-Dr-94558/home/12206220,BAREIS,21725614,N,Y,38.3135241,-122.3443626
PAST SALE,,Single Family Residential,1649 Sequoia St,Napa,CA,94558,525000,4,2,,1382,5643,1963,,380,,,,,http://www.redfin.com/CA/Napa/1649-Sequoia-St-94558/home/12203714,,,N,Y,38.3308618,-122.3093565
PAST SALE,February-27-2018,Single Family Residential,610 Noah Ct,Napa,CA,94558,629000,3,3,Berryessa,2447,8128,2002,22,257,,Sold,,,http://www.redfin.com/CA/Napa/610-Noah-Ct-94558/home/12198233,BAREIS,21726888,N,Y,38.516985,-122.193877
PAST SALE,February-2-2018,Single Family Residential,1008 3rd Ave,Napa,CA,94558,850000,3,2,Napa,1928,,1942,47,441,,Sold,,,http://www.redfin.com/CA/Napa/1008-3rd-Ave-94558/home/12216244,BAREIS,21722782,N,Y,38.2952895,-122.2425449
PAST SALE,March-16-2018,Single Family Residential,1098 Headlands Dr,Napa,CA,94558,545000,4,3.5,Berryessa,2944,7693,2004,5,185,,Sold,,,http://www.redfin.com/CA/Napa/1098-Headlands-Dr-94558/home/12198381,BAREIS,21803755,N,Y,38.5134194,-122.1824247
PAST SALE,March-12-2018,Single Family Residential,2454 Maclennan St,Napa,CA,94558,635000,3,2,Napa,1348,6861,1967,9,471,,Sold,,,http://www.redfin.com/CA/Napa/2454-Maclennan-St-94558/home/17246976,BAREIS,21800601,N,Y,38.3160619,-122.3202744
PAST SALE,March-1-2018,Single Family Residential,2514 Sonoma St,Napa,CA,94558,470000,2,1,Napa,836,6085,1948,20,562,,Sold,,,http://www.redfin.com/CA/Napa/2514-Sonoma-St-94558/home/12185079,BAREIS,21726318,N,Y,38.3093974,-122.3025798
PAST SALE,February-14-2018,Single Family Residential,154 Hartson St,Napa,CA,94559,575000,3,2,Napa,1065,7889,1936,35,540,,Sold,,,http://www.redfin.com/CA/Napa/154-Hartson-St-94559/home/12189203,BAREIS,21800992,N,Y,38.2886245,-122.2954483
PAST SALE,March-16-2018,Single Family Residential,2241 1st Ave,Napa,CA,94558,1725000,4,2,Napa,2511,260040,1932,5,687,,Sold,,,http://www.redfin.com/CA/Napa/2241-First-Ave-94558/home/12215895,BAREIS,21801856,N,Y,38.319588,-122.258852
PAST SALE,,Single Family Residential,72 Chelsea Ave,Napa,CA,94558,315000,3,1,,1102,5496,1941,,286,,,,,http://www.redfin.com/CA/Napa/72-Chelsea-Ave-94558/home/12188219,,,N,Y,38.2969497,-122.310951
PAST SALE,,Single Family Residential,2757 Old Sonoma Rd,Napa,CA,94558,478000,3,1,,1366,9094,1951,,350,,,,,http://www.redfin.com/CA/Napa/2757-Old-Sonoma-Rd-94558/home/12189208,,,N,Y,38.2875678,-122.3097108
PAST SALE,February-14-2018,Single Family Residential,2045 W F St,Napa,CA,94558,815000,4,2,Napa,1772,15311,1956,35,460,,Sold,,,http://www.redfin.com/CA/Napa/2045-W-F-St-94558/unit-26/home/12208914,EBRD/CCAR/Bay East,40807399,N,Y,38.3027378,-122.3069205
PAST SALE,January-26-2018,Single Family Residential,405 E First St,Napa,CA,94559,1995000,4,3.5,Napa,2901,65100,1978,54,688,,Sold,,,http://www.redfin.com/CA/Napa/405-E-1st-St-94559/home/12191220,BAREIS,21722442,N,Y,38.3033531,-122.2709272
PAST SALE,December-26-2017,Single Family Residential,1019 Ross Cir,Napa,CA,94558,1510000,3,2,Napa,1547,30200,1959,85,976,,Sold,,,http://www.redfin.com/CA/Napa/1019-Ross-Cir-94558/home/12214672,BAREIS,21723125,N,Y,38.3302975,-122.2671832
PAST SALE,December-21-2017,Single Family Residential,2195 Navarre St,Napa,CA,94559,515000,3,2,Napa,1100,6665,1966,90,468,,Sold,,,http://www.redfin.com/CA/Napa/2195-Navarre-St-94559/home/12213349,BAREIS,21722968,N,Y,38.2800209,-122.2593847
PAST SALE,January-19-2018,Single Family Residential,3348 Linda Mesa Way,Napa,CA,94558,850000,3,2,Napa,2116,23078,1995,61,402,,Sold,,,http://www.redfin.com/CA/Napa/3348-Linda-Mesa-Way-94558/home/12206960,BAREIS,21728120,N,Y,38.3107148,-122.3352413
PAST SALE,,Single Family Residential,212 Verona Way,Napa,CA,94558,375000,,,,,8696,,,,,,,,http://www.redfin.com/CA/Napa/212-Verona-Way-94558/home/12220514,,,N,Y,38.3462903,-122.3286877
PAST SALE,January-18-2018,Single Family Residential,115 Sundance Ct,Napa,CA,94558,1249000,3,3.5,Napa,2674,12946,2006,62,467,,Sold,,,http://www.redfin.com/CA/Napa/115-Sundance-Ct-94558/home/12224441,BAREIS,21719751,N,Y,38.3336123,-122.3316989
PAST SALE,February-22-2018,Single Family Residential,4471 Moffitt Dr,Napa,CA,94558,643000,3,2,Napa,1313,5959,1970,27,490,,Sold,,,http://www.redfin.com/CA/Napa/4471-Moffitt-Dr-94558/home/12202256,BAREIS,21800482,N,Y,38.3456917,-122.3198308
PAST SALE,,Single Family Residential,1675 Santiago Ave,Napa,CA,94558,655000,4,2,,1814,6300,1974,,361,,,,,http://www.redfin.com/CA/Napa/1675-Santiago-Ave-94558/home/12203101,,,N,Y,38.3373043,-122.3168857
PAST SALE,January-10-2018,Single Family Residential,1026 Round Hill Cir,Napa,CA,94558,605000,4,2,Napa,1845,6695,1975,70,328,,Sold,,,http://www.redfin.com/CA/Napa/1026-Round-Hill-Cir-94558/home/12215389,BAREIS,21725353,N,Y,38.3030796,-122.3363262
PAST SALE,February-23-2018,Single Family Residential,1254 Sierra Ave,Napa,CA,94558,574000,3,2,Napa,1281,5976,1962,26,448,,Sold,,,http://www.redfin.com/CA/Napa/1254-Sierra-Ave-94558/home/12203588,BAREIS,21800300,N,Y,38.3297248,-122.3031999
PAST SALE,January-9-2018,Single Family Residential,40 Blackberry Dr,Napa,CA,94558,740000,3,2.5,Napa,2181,4260,1999,71,339,,Sold,,,http://www.redfin.com/CA/Napa/40-Blackberry-Dr-94558/home/12205270,BAREIS,21727183,N,Y,38.3284274,-122.2996049
PAST SALE,March-5-2018,Single Family Residential,57 Harvard Ln,Napa,CA,94558,675000,3,2,Napa,1571,10759,1957,16,430,,Sold,,,http://www.redfin.com/CA/Napa/57-Harvard-Ln-94558/home/12205816,BAREIS,21800362,N,Y,38.3116934,-122.3446062
PAST SALE,January-12-2018,Single Family Residential,416 Montgomery St,Napa,CA,94559,655000,3,2,Napa,1682,4722,1937,68,389,,Sold,,,http://www.redfin.com/CA/Napa/416-Montgomery-St-94559/home/12188823,BAREIS,21721704,N,Y,38.2915371,-122.2970429
PAST SALE,March-9-2018,Single Family Residential,2901 Pine St,Napa,CA,94559,567500,3,2,Napa,1446,5384,1940,12,392,,Sold,,,http://www.redfin.com/CA/Napa/2901-Pine-St-94558/home/12209713,BAREIS,21801949,N,Y,38.2910618,-122.3103752
PAST SALE,March-15-2018,Single Family Residential,3384 Royal Ct,Napa,CA,94558,830000,4,2,Napa,2049,9753,1978,6,405,,Sold,,,http://www.redfin.com/CA/Napa/3384-Royal-Ct-94558/home/12215529,BAREIS,21803550,N,Y,38.2993857,-122.3387173
PAST SALE,March-12-2018,Single Family Residential,410 Stonecrest Dr,Napa,CA,94558,1200000,3,3,Napa,3619,125858,1936,9,332,,Sold,,,http://www.redfin.com/CA/Napa/410-Stonecrest-Dr-94558/home/12215976,BAREIS,21711268,N,Y,38.3160128,-122.2701076
PAST SALE,,Single Family Residential,16 Merion Cir,Napa,CA,94558,1715000,3,3,,2348,29339,1969,,730,,,,,http://www.redfin.com/CA/Napa/16-Merion-Cir-94558/home/12219978,,,N,Y,38.3481634,-122.2545103
PAST SALE,February-16-2018,Single Family Residential,1225 Cayetano Dr,Napa,CA,94559,736000,4,3,Napa,2241,6774,2000,33,328,,Sold,,,http://www.redfin.com/CA/Napa/1225-Cayetano-Dr-94559/home/12220202,BAREIS,21716864,N,Y,38.2882413,-122.2634613
PAST SALE,February-12-2018,Single Family Residential,145 Maximilian Ct,Napa,CA,94558,1093925,4,4,Napa,3314,6678,2006,37,330,120,Sold,,,http://www.redfin.com/CA/Napa/145-Maximilian-Ct-94558/home/12224301,BAREIS,21720254,N,Y,38.3356664,-122.3106188
PAST SALE,,Single Family Residential,1520 E St,Napa,CA,94559,215000,,,,955,7708,1899,,225,,,,,http://www.redfin.com/CA/Napa/1520-E-St-94559/home/12186624,,,N,Y,38.304444,-122.2970429
PAST SALE,,Single Family Residential,161 Pickwick Dr,Napa,CA,94558,549000,4,2,,1199,6721,1955,,458,,,,,http://www.redfin.com/CA/Napa/161-Pickwick-Dr-94558/home/12189501,,,N,Y,38.2872366,-122.306699
PAST SALE,February-6-2018,Single Family Residential,2462 Butte St,Napa,CA,94558,530000,4,2,Napa,1396,7789,1956,43,380,,Sold,,,http://www.redfin.com/CA/Napa/2462-Butte-St-94558/home/12185291,BAREIS,21800204,N,Y,38.3081091,-122.3040636
PAST SALE,February-15-2018,Single Family Residential,,Napa,CA,94558,489000,2,1,,856,6059,1941,34,571,,Sold,,,http://www.redfin.com/CA/Napa/Undisclosed-address-94558/home/12188060,BAREIS,21800826,N,Y,38.2989543,-122.3115267
PAST SALE,February-15-2018,Single Family Residential,485 Randolph St,Napa,CA,94559,759000,2,2,Napa,806,3106,1935,34,942,,Sold,,,http://www.redfin.com/CA/Napa/485-Randolph-St-94559/home/12190437,BAREIS,21724438,N,Y,38.2934772,-122.2864889
PAST SALE,February-13-2018,Single Family Residential,3321 Stratford Ct,Napa,CA,94558,769000,3,2,Napa,2048,9116,1990,36,375,,Sold,,,http://www.redfin.com/CA/Napa/3321-Stratford-Ct-94558/home/12207214,BAREIS,21715785,N,Y,38.3111139,-122.328422
PAST SALE,February-16-2018,Single Family Residential,2789 Pine St,Napa,CA,94558,598000,3,1,Napa,1076,9540,1955,33,556,,Sold,,,http://www.redfin.com/CA/Napa/2789-Pine-St-94558/home/12188940,BAREIS,21800203,N,Y,38.2910344,-122.3079392
PAST SALE,February-16-2018,Single Family Residential,606 Seminary St,Napa,CA,94559,1049000,3,1.5,Napa,1457,4675,1925,33,720,,Sold,,,http://www.redfin.com/CA/Napa/606-Seminary-St-94559/home/12190166,BAREIS,21724276,N,Y,38.2939827,-122.2913729
PAST SALE,February-7-2018,Single Family Residential,2131 Hoffman Ln,Napa,CA,94558,2290869,2,2,Napa,1563,43560,2004,42,1466,,Sold,,,http://www.redfin.com/CA/Napa/2131-Hoffman-Ln-94558/home/12201298,BAREIS,21727458,N,Y,38.381974,-122.355164
PAST SALE,,Single Family Residential,2340 Main St,Napa,CA,94558,600000,4,2,,1742,8872,1952,,344,,,,,http://www.redfin.com/CA/Napa/2340-Main-St-94558/home/12185150,,,N,Y,38.3110826,-122.2936705
PAST SALE,February-15-2018,Single Family Residential,4245 Wine Country Ct,Napa,CA,94558,750000,4,3,Napa,2143,4050,2017,34,350,93,Sold,,,http://www.redfin.com/CA/Napa/4245-Wine-Country-Ave-94558/home/143292476,BAREIS,21728029,N,Y,38.328207,-122.3368251
PAST SALE,January-11-2018,Single Family Residential,2209 Marin St,Napa,CA,94559,515000,3,2,Napa,1422,7126,1995,69,362,,Sold,,,http://www.redfin.com/CA/Napa/2209-Marin-St-94559/home/12186390,BAREIS,21719119,N,Y,38.306517,-122.3003429
PAST SALE,,Single Family Residential,3683 Norfolk St,Napa,CA,94558,,4,2,,1216,6121,1959,,,,Sold,,,http://www.redfin.com/CA/Napa/3683-Norfolk-St-94558/home/12193196,BAREIS,,N,Y,38.3225176,-122.3190558
PAST SALE,January-9-2018,Single Family Residential,150 Dewitt Ave,Napa,CA,94558,425000,2,1,Napa,765,5584,1941,71,556,,Sold,,,http://www.redfin.com/CA/Napa/150-Dewitt-Ave-94558/home/12188052,BAREIS,21726445,N,Y,38.2985358,-122.3127668
PAST SALE,December-28-2017,Single Family Residential,62 Avalon Ct,Napa,CA,94558,549000,2,2.5,Napa,1239,3237,1993,83,443,190,Sold,,,http://www.redfin.com/CA/Napa/62-Avalon-Ct-94558/home/12205094,BAREIS,21727436,N,Y,38.3326104,-122.3177271
PAST SALE,January-23-2018,Single Family Residential,3213 PIEDMONT Ave,Napa,CA,94558,482975,3,2,Napa,1842,6020,1955,57,262,,Sold,,,http://www.redfin.com/CA/Napa/3213-Piedmont-Ave-94558/home/12185505,BAREIS,21703812,N,Y,38.3209757,-122.2973308
PAST SALE,March-14-2018,Single Family Residential,1193 London Way,Napa,CA,94559,529000,4,2,Napa,1613,6120,1954,7,328,,Sold,,,http://www.redfin.com/CA/Napa/1193-London-Way-94559/home/12212793,BAREIS,21801611,N,Y,38.2840066,-122.2644804
PAST SALE,January-31-2018,Single Family Residential,2591 Wine Country Ave,Napa,CA,94558,730000,3,2.5,Napa,2121,6225,1996,49,344,,Sold,,,http://www.redfin.com/CA/Napa/2591-Wine-Country-Ave-94558/home/12191713,BAREIS,21712477,N,Y,38.3287201,-122.3367247
PAST SALE,March-12-2018,Single Family Residential,3966 Raleigh St,Napa,CA,94558,540000,4,2,Napa,1546,7013,1968,9,349,,Sold,,,http://www.redfin.com/CA/Napa/3966-Raleigh-St-94558/home/12192696,BAREIS,21801647,N,Y,38.3287622,-122.3191222
PAST SALE,,Single Family Residential,30 Holly Ct,Napa,CA,94558,658000,4,3,,3903,25258,1973,,169,,,,,http://www.redfin.com/CA/Napa/30-Holly-Ct-94558/home/12216487,,,N,Y,38.3199464,-122.2709051
PAST SALE,December-26-2017,Single Family Residential,145 Jefferson St,Napa,CA,94559,635000,3,2,Napa,1359,7693,1948,85,467,,Sold,,,http://www.redfin.com/CA/Napa/145-Jefferson-St-94559/home/12189192,BAREIS,21727512,N,Y,38.288453,-122.2945623
PAST SALE,December-21-2017,Single Family Residential,106 Quarry Dr,Napa,CA,94559,1200000,4,3.5,Napa,3117,10520,2001,90,385,,Sold,,,http://www.redfin.com/CA/Napa/106-Quarry-Dr-94559/home/12214031,BAREIS,21726473,N,Y,38.2876557,-122.2610907
PAST SALE,March-19-2018,Single Family Residential,2268 Las Flores Dr,Napa,CA,94558,690000,5,3,Napa,2343,6835,1974,2,294,,Sold,,,http://www.redfin.com/CA/Napa/2268-Las-Flores-Dr-94558/home/12192149,BAREIS,21725044,N,Y,38.3316974,-122.3256764
PAST SALE,December-29-2017,Single Family Residential,2505 Macmillan St,Napa,CA,94558,555000,3,2,Napa,1080,6016,1963,82,514,,Sold,,,http://www.redfin.com/CA/Napa/2505-Macmillan-St-94558/home/12207347,BAREIS,21725391,N,Y,38.317859,-122.3228422
PAST SALE,,Single Family Residential,3420 Valley Glen Ln,Napa,CA,94558,141000,3,1.5,,1964,13080,1955,,72,,,,,http://www.redfin.com/CA/Napa/3420-Valley-Glen-Ln-94558/home/12205994,,,N,Y,38.3065267,-122.338518
PAST SALE,January-3-2018,Single Family Residential,3997 Klamath Way,Napa,CA,94558,555500,4,2,Napa,1474,9370,1977,77,377,,Sold,,,http://www.redfin.com/CA/Napa/3997-Klamath-Way-94558/home/12204640,BAREIS,21710024,N,Y,38.3305567,-122.3159335
PAST SALE,December-21-2017,Single Family Residential,1703 Paulson Way,Napa,CA,94558,660000,4,2,Napa,1814,6138,1973,90,364,,Sold,,,http://www.redfin.com/CA/Napa/1703-Paulson-Way-94558/home/12204487,BAREIS,21722775,N,Y,38.3379042,-122.3199193
PAST SALE,December-26-2017,Single Family Residential,245 Buttercup Ct,Napa,CA,94559,882000,4,3.5,Napa,2678,6974,2007,85,329,80,Sold,,,http://www.redfin.com/CA/Napa/245-Buttercup-Ct-94559/home/12224999,BAREIS,21725981,N,Y,38.2905167,-122.2666515
PAST SALE,January-18-2018,Single Family Residential,3622 Argyle St,Napa,CA,94558,735000,4,2.5,Napa,2001,8655,1971,62,367,,Sold,,,http://www.redfin.com/CA/Napa/3622-Argyle-St-94558/home/12192852,BAREIS,21724030,N,Y,38.3205703,-122.3253221
PAST SALE,December-28-2017,Single Family Residential,3265 Baywood Ln,Napa,CA,94558,558000,3,2,Napa,1175,6203,,83,475,,Sold,,,http://www.redfin.com/CA/Napa/3265-Baywood-Ln-94558/home/12207713,BAREIS,21726526,N,Y,38.3167448,-122.3205172
PAST SALE,December-29-2017,Single Family Residential,30 Emperor Way,Napa,CA,94558,1400000,4,3.5,Napa,3180,14342,1994,82,440,,Sold,,,http://www.redfin.com/CA/Napa/30-Emperor-Way-94558/home/12201650,BAREIS,21726265,N,Y,38.3355785,-122.3281342
PAST SALE,January-17-2018,Single Family Residential,731 Somerset Pl,Napa,CA,94558,555000,4,2,Napa,1601,8607,1955,63,347,,Sold,,,http://www.redfin.com/CA/Napa/731-Somerset-Pl-94558/home/12189335,BAREIS,21728156,N,Y,38.2828138,-122.3074293
PAST SALE,February-2-2018,Single Family Residential,2561 Wimbledon St,Napa,CA,94558,540000,4,2,Napa,1559,,,47,346,,Sold,,,http://www.redfin.com/CA/Napa/2561-Wimbledon-St-94558/home/12189402,BAREIS,21800056,N,Y,38.2822079,-122.3045287
PAST SALE,December-29-2017,Single Family Residential,2005 Oak St,Napa,CA,94559,1300000,4,4.5,Napa,4124,6961,1925,82,315,,Sold,,,http://www.redfin.com/CA/Napa/2005-Oak-St-94559/home/12188527,BAREIS,21715037,N,Y,38.2948072,-122.2960906
PAST SALE,December-28-2017,Single Family Residential,2574 Harvest Ln,Napa,CA,94558,669000,3,2,Napa,1672,5680,1991,83,400,,Sold,,,http://www.redfin.com/CA/Napa/2574-Harvest-Ln-94558/home/12193303,BAREIS,21727000,N,Y,38.3296748,-122.3373446
PAST SALE,March-15-2018,Single Family Residential,3741 Beartooth Ln,Napa,CA,94558,1495000,5,3.5,Napa,3856,17563,2010,6,388,193,Sold,,,http://www.redfin.com/CA/Napa/3741-Beartooth-Ln-94558/home/22603969,BAREIS,21726912,N,Y,38.3054557,-122.3496756
PAST SALE,February-16-2018,Single Family Residential,1036 Bell Ln,Napa,CA,94558,1500000,3,2.5,Napa,2719,35545,1951,33,552,,Sold,,,http://www.redfin.com/CA/Napa/1036-Bell-Ln-94558/home/12214581,BAREIS,21725295,N,Y,38.332091,-122.263529
PAST SALE,December-29-2017,Single Family Residential,2030 Ida St,Napa,CA,94558,522500,3,2,Napa,1189,6399,1956,82,439,,Sold,,,http://www.redfin.com/CA/Napa/2030-Ida-St-94558/home/12185539,BAREIS,21724447,N,Y,38.3114879,-122.2862785
PAST SALE,February-8-2018,Single Family Residential,1183 Mountain View Cir,Napa,CA,94558,715000,4,2,Napa,1845,6704,1975,41,388,,Sold,,,http://www.redfin.com/CA/Napa/1183-Mountain-View-Cir-94558/home/12215457,BAREIS,21728582,N,Y,38.3021836,-122.3391158
PAST SALE,February-7-2018,Single Family Residential,4015 Jefferson St,Napa,CA,94558,750000,3,2,Napa,2091,7619,2006,42,359,81,Sold,,,http://www.redfin.com/CA/Napa/4015-Jefferson-St-94558/home/12224500,BAREIS,21726956,N,Y,38.3363862,-122.3104416
PAST SALE,December-26-2017,Single Family Residential,4515 Stillson St,Napa,CA,94558,669000,4,2,Napa,1706,5131,1998,85,392,,Sold,,,http://www.redfin.com/CA/Napa/4515-Stillson-St-94558/home/12191924,BAREIS,21716937,N,Y,38.3339756,-122.3261478
PAST SALE,January-5-2018,Single Family Residential,1430 Sycamore St,Napa,CA,94559,782500,2,2,Napa,1381,8289,1948,75,567,,Sold,,,http://www.redfin.com/CA/Napa/1430-Sycamore-St-94559/home/12190576,BAREIS,21721025,N,Y,38.2874244,-122.290505
PAST SALE,February-22-2018,Single Family Residential,26 Casassa Ct,Napa,CA,94558,799000,4,3,Napa,2258,6543,2012,27,354,,Sold,,,http://www.redfin.com/CA/Napa/26-Casassa-Ct-94558/home/40361617,BAREIS,21802619,N,Y,38.3264825,-122.3183029
PAST SALE,February-26-2018,Single Family Residential,6 Montecito Blvd,Napa,CA,94559,840000,2,2,Napa,1316,4273,1941,23,638,,Sold,,,http://www.redfin.com/CA/Napa/6-Montecito-Blvd-94559/home/12191177,BAREIS,21802342,N,Y,38.3017589,-122.273562
PAST SALE,January-5-2018,Single Family Residential,281 Underhill Dr,Napa,CA,94558,629000,4,2.5,Napa,2009,10372,1953,75,313,,Sold,,,http://www.redfin.com/CA/Napa/281-Underhill-Dr-94558/home/12189520,BAREIS,21701637,N,Y,38.2864986,-122.3053702
PAST SALE,March-13-2018,Single Family Residential,,Napa,CA,94558,636500,2,1,,1224,8668,1949,8,520,,Sold,,,http://www.redfin.com/CA/Napa/Undisclosed-address-94558/home/12188624,BAREIS,21801961,N,Y,38.2932613,-122.3110395
PAST SALE,January-2-2018,Single Family Residential,1341 Seminary St,Napa,CA,94558,805000,2,1,Napa,1077,3999,1905,78,747,,Sold,,,http://www.redfin.com/CA/Napa/1341-Seminary-St-94559/home/12187652,BAREIS,21722210,N,Y,38.3003024,-122.2908057
PAST SALE,January-29-2018,Single Family Residential,1 Garfield Ln,Napa,CA,94558,970000,3,1,Napa,1776,56628,1953,51,546,,Sold,,,http://www.redfin.com/CA/Napa/1-Garfield-Ln-94558/home/12203406,BAREIS,21720430,N,Y,38.333546,-122.293584
PAST SALE,February-6-2018,Single Family Residential,1925 Waverly St,Napa,CA,94558,561000,4,2,Napa,1931,9479,1960,43,291,,Sold,,,http://www.redfin.com/CA/Napa/1925-Waverly-St-94558/home/12208659,BAREIS,21800141,N,Y,38.3093817,-122.3068983
PAST SALE,March-16-2018,Single Family Residential,1760 Mckinley Rd,Napa,CA,94558,1714000,1,1.5,Napa,1603,174676,1955,5,1069,,Sold,,,http://www.redfin.com/CA/Napa/1760-McKinley-Rd-94558/home/55522871,BAREIS,21701879,N,Y,38.339782,-122.272304
PAST SALE,February-5-2018,Single Family Residential,101 Mccormick Ct,Napa,CA,94558,794000,4,2.5,Napa,2069,5724,2001,44,384,,Sold,,,http://www.redfin.com/CA/Napa/101-McCormick-Ct-94558/home/12220609,BAREIS,21800939,N,Y,38.3044355,-122.3309018
PAST SALE,,Single Family Residential,4036 Pinot Dr,Napa,CA,94558,730000,4,2.5,,2102,6742,1972,,347,,,,,http://www.redfin.com/CA/Napa/4036-Pinot-Dr-94558/home/12192383,,,N,Y,38.325666,-122.3283999
PAST SALE,January-22-2018,Single Family Residential,1109 Cayetano Dr,Napa,CA,94559,485000,3,1,Napa,1022,6229,1971,58,475,,Sold,,,http://www.redfin.com/CA/Napa/1109-Cayetano-Dr-94559/home/12213477,BAREIS,21723065,N,Y,38.2877938,-122.2674491